State,INT,SEMI,COMMA,ID,ASSIGN,LSQUARE,INT_NUM,RSQUARE,LBRACE,RBRACE,ELSE,IF,LPAR,RPAR,WHILE,DO,RETURN,READ,WRITE,OROR,ANDAND,OR_OP,AND_OP,EQ,NOTEQ,LT,GT,LTEQ,GTEQ,SHL_OP,SHR_OP,PLUS,MINUS,MUL_OP,DIV_OP,NOT_OP,$,program,var_declarations,statements,var_declaration,declaration_list,declaration,exp,code_block,statement,assign_statement,control_statement,read_write_statement,if_statement,while_statement,do_while_statement,return_statement,read_statement,write_statement,if_stmt,exp1,exp2,exp3,exp4,exp5,exp6,exp7,exp8,exp9,exp10
0,shift(6),shift(10),,shift(11),,,,,,,,shift(24),,,shift(19),shift(20),shift(21),shift(22),shift(23),,,,,,,,,,,,,,,,,,,1,2,3,4,,,,,5,7,8,9,12,13,14,15,16,17,18,,,,,,,,,,
1,,,,,,,,,,,,,,,,,,,,,,,,,,,,,,,,,,,,,accept,,,,,,,,,,,,,,,,,,,,,,,,,,,,,
2,shift(6),shift(10),,shift(11),,,,,,,,shift(24),,,shift(19),shift(20),shift(21),shift(22),shift(23),,,,,,,,,,,,,,,,,,reduce(program>var_declarations),,,25,26,,,,,5,7,8,9,12,13,14,15,16,17,18,,,,,,,,,,
3,,shift(10),,shift(11),,,,,,,,shift(24),,,shift(19),shift(20),shift(21),shift(22),shift(23),,,,,,,,,,,,,,,,,,reduce(program>statements),,,,,,,,,27,7,8,9,12,13,14,15,16,17,18,,,,,,,,,,
4,reduce(var_declarations>var_declaration),reduce(var_declarations>var_declaration),,reduce(var_declarations>var_declaration),,,,,,,,reduce(var_declarations>var_declaration),,,reduce(var_declarations>var_declaration),reduce(var_declarations>var_declaration),reduce(var_declarations>var_declaration),reduce(var_declarations>var_declaration),reduce(var_declarations>var_declaration),,,,,,,,,,,,,,,,,,reduce(var_declarations>var_declaration),,,,,,,,,,,,,,,,,,,,,,,,,,,,,
5,,reduce(statements>statement),,reduce(statements>statement),,,,,,,,reduce(statements>statement),,,reduce(statements>statement),reduce(statements>statement),reduce(statements>statement),reduce(statements>statement),reduce(statements>statement),,,,,,,,,,,,,,,,,,reduce(statements>statement),,,,,,,,,,,,,,,,,,,,,,,,,,,,,
6,,,,shift(30),,,,,,,,,,,,,,,,,,,,,,,,,,,,,,,,,,,,,,28,29,,,,,,,,,,,,,,,,,,,,,,,
7,,shift(31),,,,,,,,,,,,,,,,,,,,,,,,,,,,,,,,,,,,,,,,,,,,,,,,,,,,,,,,,,,,,,,,
8,,reduce(statement>control_statement),,reduce(statement>control_statement),,,,,,,,reduce(statement>control_statement),,,reduce(statement>control_statement),reduce(statement>control_statement),reduce(statement>control_statement),reduce(statement>control_statement),reduce(statement>control_statement),,,,,,,,,,,,,,,,,,reduce(statement>control_statement),,,,,,,,,,,,,,,,,,,,,,,,,,,,,
9,,shift(32),,,,,,,,,,,,,,,,,,,,,,,,,,,,,,,,,,,,,,,,,,,,,,,,,,,,,,,,,,,,,,,,
10,,reduce(statement>SEMI),,reduce(statement>SEMI),,,,,,,,reduce(statement>SEMI),,,reduce(statement>SEMI),reduce(statement>SEMI),reduce(statement>SEMI),reduce(statement>SEMI),reduce(statement>SEMI),,,,,,,,,,,,,,,,,,reduce(statement>SEMI),,,,,,,,,,,,,,,,,,,,,,,,,,,,,
11,,,,,shift(34),shift(33),,,,,,,,,,,,,,,,,,,,,,,,,,,,,,,,,,,,,,,,,,,,,,,,,,,,,,,,,,,,
12,,reduce(control_statement>if_statement),,reduce(control_statement>if_statement),,,,,,,,reduce(control_statement>if_statement),,,reduce(control_statement>if_statement),reduce(control_statement>if_statement),reduce(control_statement>if_statement),reduce(control_statement>if_statement),reduce(control_statement>if_statement),,,,,,,,,,,,,,,,,,reduce(control_statement>if_statement),,,,,,,,,,,,,,,,,,,,,,,,,,,,,
13,,reduce(control_statement>while_statement),,reduce(control_statement>while_statement),,,,,,,,reduce(control_statement>while_statement),,,reduce(control_statement>while_statement),reduce(control_statement>while_statement),reduce(control_statement>while_statement),reduce(control_statement>while_statement),reduce(control_statement>while_statement),,,,,,,,,,,,,,,,,,reduce(control_statement>while_statement),,,,,,,,,,,,,,,,,,,,,,,,,,,,,
14,,shift(35),,,,,,,,,,,,,,,,,,,,,,,,,,,,,,,,,,,,,,,,,,,,,,,,,,,,,,,,,,,,,,,,
15,,shift(36),,,,,,,,,,,,,,,,,,,,,,,,,,,,,,,,,,,,,,,,,,,,,,,,,,,,,,,,,,,,,,,,
16,,reduce(read_write_statement>read_statement),,,,,,,,,,,,,,,,,,,,,,,,,,,,,,,,,,,,,,,,,,,,,,,,,,,,,,,,,,,,,,,,
17,,reduce(read_write_statement>write_statement),,,,,,,,,,,,,,,,,,,,,,,,,,,,,,,,,,,,,,,,,,,,,,,,,,,,,,,,,,,,,,,,
18,,reduce(if_statement>if_stmt),,reduce(if_statement>if_stmt),,,,,,,shift(37),reduce(if_statement>if_stmt),,,reduce(if_statement>if_stmt),reduce(if_statement>if_stmt),reduce(if_statement>if_stmt),reduce(if_statement>if_stmt),reduce(if_statement>if_stmt),,,,,,,,,,,,,,,,,,reduce(if_statement>if_stmt),,,,,,,,,,,,,,,,,,,,,,,,,,,,,
19,,,,,,,,,,,,,shift(38),,,,,,,,,,,,,,,,,,,,,,,,,,,,,,,,,,,,,,,,,,,,,,,,,,,,,
20,,shift(45),,shift(11),,,,,shift(41),,,shift(52),,,shift(51),shift(20),shift(21),shift(22),shift(23),,,,,,,,,,,,,,,,,,,,,,,,,,39,40,42,43,44,46,47,48,49,16,17,50,,,,,,,,,,
21,,reduce(return_statement>RETURN),,,,,,,,,,,,,,,,,,,,,,,,,,,,,,,,,,,,,,,,,,,,,,,,,,,,,,,,,,,,,,,,
22,,,,,,,,,,,,,shift(53),,,,,,,,,,,,,,,,,,,,,,,,,,,,,,,,,,,,,,,,,,,,,,,,,,,,,
23,,,,,,,,,,,,,shift(54),,,,,,,,,,,,,,,,,,,,,,,,,,,,,,,,,,,,,,,,,,,,,,,,,,,,,
24,,,,,,,,,,,,,shift(55),,,,,,,,,,,,,,,,,,,,,,,,,,,,,,,,,,,,,,,,,,,,,,,,,,,,,
25,,shift(10),,shift(11),,,,,,,,shift(24),,,shift(19),shift(20),shift(21),shift(22),shift(23),,,,,,,,,,,,,,,,,,reduce(program>var_declarations statements),,,,,,,,,27,7,8,9,12,13,14,15,16,17,18,,,,,,,,,,
26,reduce(var_declarations>var_declarations var_declaration),reduce(var_declarations>var_declarations var_declaration),,reduce(var_declarations>var_declarations var_declaration),,,,,,,,reduce(var_declarations>var_declarations var_declaration),,,reduce(var_declarations>var_declarations var_declaration),reduce(var_declarations>var_declarations var_declaration),reduce(var_declarations>var_declarations var_declaration),reduce(var_declarations>var_declarations var_declaration),reduce(var_declarations>var_declarations var_declaration),,,,,,,,,,,,,,,,,,reduce(var_declarations>var_declarations var_declaration),,,,,,,,,,,,,,,,,,,,,,,,,,,,,
27,,reduce(statements>statements statement),,reduce(statements>statements statement),,,,,,,,reduce(statements>statements statement),,,reduce(statements>statements statement),reduce(statements>statements statement),reduce(statements>statements statement),reduce(statements>statements statement),reduce(statements>statements statement),,,,,,,,,,,,,,,,,,reduce(statements>statements statement),,,,,,,,,,,,,,,,,,,,,,,,,,,,,
28,,shift(56),shift(57),,,,,,,,,,,,,,,,,,,,,,,,,,,,,,,,,,,,,,,,,,,,,,,,,,,,,,,,,,,,,,,
29,,reduce(declaration_list>declaration),reduce(declaration_list>declaration),,,,,,,,,,,,,,,,,,,,,,,,,,,,,,,,,,,,,,,,,,,,,,,,,,,,,,,,,,,,,,,
30,,reduce(declaration>ID),reduce(declaration>ID),,shift(58),shift(59),,,,,,,,,,,,,,,,,,,,,,,,,,,,,,,,,,,,,,,,,,,,,,,,,,,,,,,,,,,,
31,,reduce(statement>assign_statement SEMI),,reduce(statement>assign_statement SEMI),,,,,,,,reduce(statement>assign_statement SEMI),,,reduce(statement>assign_statement SEMI),reduce(statement>assign_statement SEMI),reduce(statement>assign_statement SEMI),reduce(statement>assign_statement SEMI),reduce(statement>assign_statement SEMI),,,,,,,,,,,,,,,,,,reduce(statement>assign_statement SEMI),,,,,,,,,,,,,,,,,,,,,,,,,,,,,
32,,reduce(statement>read_write_statement SEMI),,reduce(statement>read_write_statement SEMI),,,,,,,,reduce(statement>read_write_statement SEMI),,,reduce(statement>read_write_statement SEMI),reduce(statement>read_write_statement SEMI),reduce(statement>read_write_statement SEMI),reduce(statement>read_write_statement SEMI),reduce(statement>read_write_statement SEMI),,,,,,,,,,,,,,,,,,reduce(statement>read_write_statement SEMI),,,,,,,,,,,,,,,,,,,,,,,,,,,,,
33,,,,,,,shift(60),,,,,,,,,,,,,,,,,,,,,,,,,,,,,,,,,,,,,,,,,,,,,,,,,,,,,,,,,,,
34,,,,shift(76),,,shift(75),,,,,,shift(77),,,,,,,,,,,,,,,,,,,shift(72),shift(71),,,shift(73),,,,,,,,61,,,,,,,,,,,,,62,63,64,65,66,67,68,69,70,74
35,,reduce(control_statement>do_while_statement SEMI),,reduce(control_statement>do_while_statement SEMI),,,,,,,,reduce(control_statement>do_while_statement SEMI),,,reduce(control_statement>do_while_statement SEMI),reduce(control_statement>do_while_statement SEMI),reduce(control_statement>do_while_statement SEMI),reduce(control_statement>do_while_statement SEMI),reduce(control_statement>do_while_statement SEMI),,,,,,,,,,,,,,,,,,reduce(control_statement>do_while_statement SEMI),,,,,,,,,,,,,,,,,,,,,,,,,,,,,
36,,reduce(control_statement>return_statement SEMI),,reduce(control_statement>return_statement SEMI),,,,,,,,reduce(control_statement>return_statement SEMI),,,reduce(control_statement>return_statement SEMI),reduce(control_statement>return_statement SEMI),reduce(control_statement>return_statement SEMI),reduce(control_statement>return_statement SEMI),reduce(control_statement>return_statement SEMI),,,,,,,,,,,,,,,,,,reduce(control_statement>return_statement SEMI),,,,,,,,,,,,,,,,,,,,,,,,,,,,,
37,,shift(10),,shift(11),,,,,shift(80),,,shift(24),,,shift(19),shift(20),shift(21),shift(22),shift(23),,,,,,,,,,,,,,,,,,,,,,,,,,78,79,7,8,9,12,13,14,15,16,17,18,,,,,,,,,,
38,,,,shift(96),,,shift(95),,,,,,shift(97),,,,,,,,,,,,,,,,,,,shift(92),shift(91),,,shift(93),,,,,,,,81,,,,,,,,,,,,,82,83,84,85,86,87,88,89,90,94
39,,,,,,,,,,,,,,,shift(98),,,,,,,,,,,,,,,,,,,,,,,,,,,,,,,,,,,,,,,,,,,,,,,,,,,
40,,,,,,,,,,,,,,,reduce(code_block>statement),,,,,,,,,,,,,,,,,,,,,,,,,,,,,,,,,,,,,,,,,,,,,,,,,,,
41,,shift(104),,shift(11),,,,,,,,shift(111),,,shift(110),shift(20),shift(21),shift(22),shift(23),,,,,,,,,,,,,,,,,,,,,99,,,,,,100,101,102,103,105,106,107,108,16,17,109,,,,,,,,,,
42,,shift(112),,,,,,,,,,,,,,,,,,,,,,,,,,,,,,,,,,,,,,,,,,,,,,,,,,,,,,,,,,,,,,,,
43,,,,,,,,,,,,,,,reduce(statement>control_statement),,,,,,,,,,,,,,,,,,,,,,,,,,,,,,,,,,,,,,,,,,,,,,,,,,,
44,,shift(113),,,,,,,,,,,,,,,,,,,,,,,,,,,,,,,,,,,,,,,,,,,,,,,,,,,,,,,,,,,,,,,,
45,,,,,,,,,,,,,,,reduce(statement>SEMI),,,,,,,,,,,,,,,,,,,,,,,,,,,,,,,,,,,,,,,,,,,,,,,,,,,
46,,,,,,,,,,,,,,,reduce(control_statement>if_statement),,,,,,,,,,,,,,,,,,,,,,,,,,,,,,,,,,,,,,,,,,,,,,,,,,,
47,,,,,,,,,,,,,,,reduce(control_statement>while_statement),,,,,,,,,,,,,,,,,,,,,,,,,,,,,,,,,,,,,,,,,,,,,,,,,,,
48,,shift(114),,,,,,,,,,,,,,,,,,,,,,,,,,,,,,,,,,,,,,,,,,,,,,,,,,,,,,,,,,,,,,,,
49,,shift(115),,,,,,,,,,,,,,,,,,,,,,,,,,,,,,,,,,,,,,,,,,,,,,,,,,,,,,,,,,,,,,,,
50,,,,,,,,,,,shift(116),,,,reduce(if_statement>if_stmt),,,,,,,,,,,,,,,,,,,,,,,,,,,,,,,,,,,,,,,,,,,,,,,,,,,
51,,,,,,,,,,,,,shift(117),,,,,,,,,,,,,,,,,,,,,,,,,,,,,,,,,,,,,,,,,,,,,,,,,,,,,
52,,,,,,,,,,,,,shift(118),,,,,,,,,,,,,,,,,,,,,,,,,,,,,,,,,,,,,,,,,,,,,,,,,,,,,
53,,,,shift(119),,,,,,,,,,,,,,,,,,,,,,,,,,,,,,,,,,,,,,,,,,,,,,,,,,,,,,,,,,,,,,
54,,,,shift(96),,,shift(95),,,,,,shift(97),,,,,,,,,,,,,,,,,,,shift(92),shift(91),,,shift(93),,,,,,,,120,,,,,,,,,,,,,82,83,84,85,86,87,88,89,90,94
55,,,,shift(96),,,shift(95),,,,,,shift(97),,,,,,,,,,,,,,,,,,,shift(92),shift(91),,,shift(93),,,,,,,,121,,,,,,,,,,,,,82,83,84,85,86,87,88,89,90,94
56,reduce(var_declaration>INT declaration_list SEMI),reduce(var_declaration>INT declaration_list SEMI),,reduce(var_declaration>INT declaration_list SEMI),,,,,,,,reduce(var_declaration>INT declaration_list SEMI),,,reduce(var_declaration>INT declaration_list SEMI),reduce(var_declaration>INT declaration_list SEMI),reduce(var_declaration>INT declaration_list SEMI),reduce(var_declaration>INT declaration_list SEMI),reduce(var_declaration>INT declaration_list SEMI),,,,,,,,,,,,,,,,,,reduce(var_declaration>INT declaration_list SEMI),,,,,,,,,,,,,,,,,,,,,,,,,,,,,
57,,,,shift(30),,,,,,,,,,,,,,,,,,,,,,,,,,,,,,,,,,,,,,,122,,,,,,,,,,,,,,,,,,,,,,,
58,,,,shift(138),,,shift(137),,,,,,shift(139),,,,,,,,,,,,,,,,,,,shift(134),shift(133),,,shift(135),,,,,,,,123,,,,,,,,,,,,,124,125,126,127,128,129,130,131,132,136
59,,,,,,,shift(140),,,,,,,,,,,,,,,,,,,,,,,,,,,,,,,,,,,,,,,,,,,,,,,,,,,,,,,,,,,
60,,,,,,,,shift(141),,,,,,,,,,,,,,,,,,,,,,,,,,,,,,,,,,,,,,,,,,,,,,,,,,,,,,,,,,
61,,reduce(assign_statement>ID ASSIGN exp),,,,,,,,,,,,,,,,,,shift(142),,,,,,,,,,,,,,,,,,,,,,,,,,,,,,,,,,,,,,,,,,,,,,
62,,reduce(exp>exp1),,,,,,,,,,,,,,,,,,reduce(exp>exp1),shift(143),,,,,,,,,,,,,,,,,,,,,,,,,,,,,,,,,,,,,,,,,,,,,
63,,reduce(exp1>exp2),,,,,,,,,,,,,,,,,,reduce(exp1>exp2),reduce(exp1>exp2),shift(144),,,,,,,,,,,,,,,,,,,,,,,,,,,,,,,,,,,,,,,,,,,,
64,,reduce(exp2>exp3),,,,,,,,,,,,,,,,,,reduce(exp2>exp3),reduce(exp2>exp3),reduce(exp2>exp3),shift(145),,,,,,,,,,,,,,,,,,,,,,,,,,,,,,,,,,,,,,,,,,,
65,,reduce(exp3>exp4),,,,,,,,,,,,,,,,,,reduce(exp3>exp4),reduce(exp3>exp4),reduce(exp3>exp4),reduce(exp3>exp4),shift(146),shift(147),,,,,,,,,,,,,,,,,,,,,,,,,,,,,,,,,,,,,,,,,
66,,reduce(exp4>exp5),,,,,,,,,,,,,,,,,,reduce(exp4>exp5),reduce(exp4>exp5),reduce(exp4>exp5),reduce(exp4>exp5),reduce(exp4>exp5),reduce(exp4>exp5),shift(148),shift(149),shift(150),shift(151),,,,,,,,,,,,,,,,,,,,,,,,,,,,,,,,,,,,,
67,,reduce(exp5>exp6),,,,,,,,,,,,,,,,,,reduce(exp5>exp6),reduce(exp5>exp6),reduce(exp5>exp6),reduce(exp5>exp6),reduce(exp5>exp6),reduce(exp5>exp6),reduce(exp5>exp6),reduce(exp5>exp6),reduce(exp5>exp6),reduce(exp5>exp6),shift(152),shift(153),,,,,,,,,,,,,,,,,,,,,,,,,,,,,,,,,,,
68,,reduce(exp6>exp7),,,,,,,,,,,,,,,,,,reduce(exp6>exp7),reduce(exp6>exp7),reduce(exp6>exp7),reduce(exp6>exp7),reduce(exp6>exp7),reduce(exp6>exp7),reduce(exp6>exp7),reduce(exp6>exp7),reduce(exp6>exp7),reduce(exp6>exp7),reduce(exp6>exp7),reduce(exp6>exp7),shift(154),shift(155),,,,,,,,,,,,,,,,,,,,,,,,,,,,,,,,,
69,,reduce(exp7>exp8),,,,,,,,,,,,,,,,,,reduce(exp7>exp8),reduce(exp7>exp8),reduce(exp7>exp8),reduce(exp7>exp8),reduce(exp7>exp8),reduce(exp7>exp8),reduce(exp7>exp8),reduce(exp7>exp8),reduce(exp7>exp8),reduce(exp7>exp8),reduce(exp7>exp8),reduce(exp7>exp8),reduce(exp7>exp8),reduce(exp7>exp8),shift(156),shift(157),,,,,,,,,,,,,,,,,,,,,,,,,,,,,,,
70,,reduce(exp8>exp9),,,,,,,,,,,,,,,,,,reduce(exp8>exp9),reduce(exp8>exp9),reduce(exp8>exp9),reduce(exp8>exp9),reduce(exp8>exp9),reduce(exp8>exp9),reduce(exp8>exp9),reduce(exp8>exp9),reduce(exp8>exp9),reduce(exp8>exp9),reduce(exp8>exp9),reduce(exp8>exp9),reduce(exp8>exp9),reduce(exp8>exp9),reduce(exp8>exp9),reduce(exp8>exp9),,,,,,,,,,,,,,,,,,,,,,,,,,,,,,,
71,,,,shift(76),,,shift(75),,,,,,shift(77),,,,,,,,,,,,,,,,,,,shift(72),shift(71),,,shift(73),,,,,,,,,,,,,,,,,,,,,,,,,,,,,158,74
72,,,,shift(76),,,shift(75),,,,,,shift(77),,,,,,,,,,,,,,,,,,,shift(72),shift(71),,,shift(73),,,,,,,,,,,,,,,,,,,,,,,,,,,,,159,74
73,,,,shift(76),,,shift(75),,,,,,shift(77),,,,,,,,,,,,,,,,,,,shift(72),shift(71),,,shift(73),,,,,,,,,,,,,,,,,,,,,,,,,,,,,160,74
74,,reduce(exp9>exp10),,,,,,,,,,,,,,,,,,reduce(exp9>exp10),reduce(exp9>exp10),reduce(exp9>exp10),reduce(exp9>exp10),reduce(exp9>exp10),reduce(exp9>exp10),reduce(exp9>exp10),reduce(exp9>exp10),reduce(exp9>exp10),reduce(exp9>exp10),reduce(exp9>exp10),reduce(exp9>exp10),reduce(exp9>exp10),reduce(exp9>exp10),reduce(exp9>exp10),reduce(exp9>exp10),,,,,,,,,,,,,,,,,,,,,,,,,,,,,,,
75,,reduce(exp10>INT_NUM),,,,,,,,,,,,,,,,,,reduce(exp10>INT_NUM),reduce(exp10>INT_NUM),reduce(exp10>INT_NUM),reduce(exp10>INT_NUM),reduce(exp10>INT_NUM),reduce(exp10>INT_NUM),reduce(exp10>INT_NUM),reduce(exp10>INT_NUM),reduce(exp10>INT_NUM),reduce(exp10>INT_NUM),reduce(exp10>INT_NUM),reduce(exp10>INT_NUM),reduce(exp10>INT_NUM),reduce(exp10>INT_NUM),reduce(exp10>INT_NUM),reduce(exp10>INT_NUM),,,,,,,,,,,,,,,,,,,,,,,,,,,,,,,
76,,reduce(exp10>ID),,,,shift(161),,,,,,,,,,,,,,reduce(exp10>ID),reduce(exp10>ID),reduce(exp10>ID),reduce(exp10>ID),reduce(exp10>ID),reduce(exp10>ID),reduce(exp10>ID),reduce(exp10>ID),reduce(exp10>ID),reduce(exp10>ID),reduce(exp10>ID),reduce(exp10>ID),reduce(exp10>ID),reduce(exp10>ID),reduce(exp10>ID),reduce(exp10>ID),,,,,,,,,,,,,,,,,,,,,,,,,,,,,,,
77,,,,shift(96),,,shift(95),,,,,,shift(97),,,,,,,,,,,,,,,,,,,shift(92),shift(91),,,shift(93),,,,,,,,162,,,,,,,,,,,,,82,83,84,85,86,87,88,89,90,94
78,,reduce(if_statement>if_stmt ELSE code_block),,reduce(if_statement>if_stmt ELSE code_block),,,,,,,,reduce(if_statement>if_stmt ELSE code_block),,,reduce(if_statement>if_stmt ELSE code_block),reduce(if_statement>if_stmt ELSE code_block),reduce(if_statement>if_stmt ELSE code_block),reduce(if_statement>if_stmt ELSE code_block),reduce(if_statement>if_stmt ELSE code_block),,,,,,,,,,,,,,,,,,reduce(if_statement>if_stmt ELSE code_block),,,,,,,,,,,,,,,,,,,,,,,,,,,,,
79,,reduce(code_block>statement),,reduce(code_block>statement),,,,,,,,reduce(code_block>statement),,,reduce(code_block>statement),reduce(code_block>statement),reduce(code_block>statement),reduce(code_block>statement),reduce(code_block>statement),,,,,,,,,,,,,,,,,,reduce(code_block>statement),,,,,,,,,,,,,,,,,,,,,,,,,,,,,
80,,shift(104),,shift(11),,,,,,,,shift(111),,,shift(110),shift(20),shift(21),shift(22),shift(23),,,,,,,,,,,,,,,,,,,,,163,,,,,,100,101,102,103,105,106,107,108,16,17,109,,,,,,,,,,
81,,,,,,,,,,,,,,shift(164),,,,,,shift(165),,,,,,,,,,,,,,,,,,,,,,,,,,,,,,,,,,,,,,,,,,,,,,
82,,,,,,,,,,,,,,reduce(exp>exp1),,,,,,reduce(exp>exp1),shift(166),,,,,,,,,,,,,,,,,,,,,,,,,,,,,,,,,,,,,,,,,,,,,
83,,,,,,,,,,,,,,reduce(exp1>exp2),,,,,,reduce(exp1>exp2),reduce(exp1>exp2),shift(167),,,,,,,,,,,,,,,,,,,,,,,,,,,,,,,,,,,,,,,,,,,,
84,,,,,,,,,,,,,,reduce(exp2>exp3),,,,,,reduce(exp2>exp3),reduce(exp2>exp3),reduce(exp2>exp3),shift(168),,,,,,,,,,,,,,,,,,,,,,,,,,,,,,,,,,,,,,,,,,,
85,,,,,,,,,,,,,,reduce(exp3>exp4),,,,,,reduce(exp3>exp4),reduce(exp3>exp4),reduce(exp3>exp4),reduce(exp3>exp4),shift(169),shift(170),,,,,,,,,,,,,,,,,,,,,,,,,,,,,,,,,,,,,,,,,
86,,,,,,,,,,,,,,reduce(exp4>exp5),,,,,,reduce(exp4>exp5),reduce(exp4>exp5),reduce(exp4>exp5),reduce(exp4>exp5),reduce(exp4>exp5),reduce(exp4>exp5),shift(171),shift(172),shift(173),shift(174),,,,,,,,,,,,,,,,,,,,,,,,,,,,,,,,,,,,,
87,,,,,,,,,,,,,,reduce(exp5>exp6),,,,,,reduce(exp5>exp6),reduce(exp5>exp6),reduce(exp5>exp6),reduce(exp5>exp6),reduce(exp5>exp6),reduce(exp5>exp6),reduce(exp5>exp6),reduce(exp5>exp6),reduce(exp5>exp6),reduce(exp5>exp6),shift(175),shift(176),,,,,,,,,,,,,,,,,,,,,,,,,,,,,,,,,,,
88,,,,,,,,,,,,,,reduce(exp6>exp7),,,,,,reduce(exp6>exp7),reduce(exp6>exp7),reduce(exp6>exp7),reduce(exp6>exp7),reduce(exp6>exp7),reduce(exp6>exp7),reduce(exp6>exp7),reduce(exp6>exp7),reduce(exp6>exp7),reduce(exp6>exp7),reduce(exp6>exp7),reduce(exp6>exp7),shift(177),shift(178),,,,,,,,,,,,,,,,,,,,,,,,,,,,,,,,,
89,,,,,,,,,,,,,,reduce(exp7>exp8),,,,,,reduce(exp7>exp8),reduce(exp7>exp8),reduce(exp7>exp8),reduce(exp7>exp8),reduce(exp7>exp8),reduce(exp7>exp8),reduce(exp7>exp8),reduce(exp7>exp8),reduce(exp7>exp8),reduce(exp7>exp8),reduce(exp7>exp8),reduce(exp7>exp8),reduce(exp7>exp8),reduce(exp7>exp8),shift(179),shift(180),,,,,,,,,,,,,,,,,,,,,,,,,,,,,,,
90,,,,,,,,,,,,,,reduce(exp8>exp9),,,,,,reduce(exp8>exp9),reduce(exp8>exp9),reduce(exp8>exp9),reduce(exp8>exp9),reduce(exp8>exp9),reduce(exp8>exp9),reduce(exp8>exp9),reduce(exp8>exp9),reduce(exp8>exp9),reduce(exp8>exp9),reduce(exp8>exp9),reduce(exp8>exp9),reduce(exp8>exp9),reduce(exp8>exp9),reduce(exp8>exp9),reduce(exp8>exp9),,,,,,,,,,,,,,,,,,,,,,,,,,,,,,,
91,,,,shift(96),,,shift(95),,,,,,shift(97),,,,,,,,,,,,,,,,,,,shift(92),shift(91),,,shift(93),,,,,,,,,,,,,,,,,,,,,,,,,,,,,181,94
92,,,,shift(96),,,shift(95),,,,,,shift(97),,,,,,,,,,,,,,,,,,,shift(92),shift(91),,,shift(93),,,,,,,,,,,,,,,,,,,,,,,,,,,,,182,94
93,,,,shift(96),,,shift(95),,,,,,shift(97),,,,,,,,,,,,,,,,,,,shift(92),shift(91),,,shift(93),,,,,,,,,,,,,,,,,,,,,,,,,,,,,183,94
94,,,,,,,,,,,,,,reduce(exp9>exp10),,,,,,reduce(exp9>exp10),reduce(exp9>exp10),reduce(exp9>exp10),reduce(exp9>exp10),reduce(exp9>exp10),reduce(exp9>exp10),reduce(exp9>exp10),reduce(exp9>exp10),reduce(exp9>exp10),reduce(exp9>exp10),reduce(exp9>exp10),reduce(exp9>exp10),reduce(exp9>exp10),reduce(exp9>exp10),reduce(exp9>exp10),reduce(exp9>exp10),,,,,,,,,,,,,,,,,,,,,,,,,,,,,,,
95,,,,,,,,,,,,,,reduce(exp10>INT_NUM),,,,,,reduce(exp10>INT_NUM),reduce(exp10>INT_NUM),reduce(exp10>INT_NUM),reduce(exp10>INT_NUM),reduce(exp10>INT_NUM),reduce(exp10>INT_NUM),reduce(exp10>INT_NUM),reduce(exp10>INT_NUM),reduce(exp10>INT_NUM),reduce(exp10>INT_NUM),reduce(exp10>INT_NUM),reduce(exp10>INT_NUM),reduce(exp10>INT_NUM),reduce(exp10>INT_NUM),reduce(exp10>INT_NUM),reduce(exp10>INT_NUM),,,,,,,,,,,,,,,,,,,,,,,,,,,,,,,
96,,,,,,shift(184),,,,,,,,reduce(exp10>ID),,,,,,reduce(exp10>ID),reduce(exp10>ID),reduce(exp10>ID),reduce(exp10>ID),reduce(exp10>ID),reduce(exp10>ID),reduce(exp10>ID),reduce(exp10>ID),reduce(exp10>ID),reduce(exp10>ID),reduce(exp10>ID),reduce(exp10>ID),reduce(exp10>ID),reduce(exp10>ID),reduce(exp10>ID),reduce(exp10>ID),,,,,,,,,,,,,,,,,,,,,,,,,,,,,,,
97,,,,shift(96),,,shift(95),,,,,,shift(97),,,,,,,,,,,,,,,,,,,shift(92),shift(91),,,shift(93),,,,,,,,185,,,,,,,,,,,,,82,83,84,85,86,87,88,89,90,94
98,,,,,,,,,,,,,shift(186),,,,,,,,,,,,,,,,,,,,,,,,,,,,,,,,,,,,,,,,,,,,,,,,,,,,,
99,,shift(104),,shift(11),,,,,,shift(187),,shift(111),,,shift(110),shift(20),shift(21),shift(22),shift(23),,,,,,,,,,,,,,,,,,,,,,,,,,,188,101,102,103,105,106,107,108,16,17,109,,,,,,,,,,
100,,reduce(statements>statement),,reduce(statements>statement),,,,,,reduce(statements>statement),,reduce(statements>statement),,,reduce(statements>statement),reduce(statements>statement),reduce(statements>statement),reduce(statements>statement),reduce(statements>statement),,,,,,,,,,,,,,,,,,,,,,,,,,,,,,,,,,,,,,,,,,,,,,,
101,,shift(189),,,,,,,,,,,,,,,,,,,,,,,,,,,,,,,,,,,,,,,,,,,,,,,,,,,,,,,,,,,,,,,,
102,,reduce(statement>control_statement),,reduce(statement>control_statement),,,,,,reduce(statement>control_statement),,reduce(statement>control_statement),,,reduce(statement>control_statement),reduce(statement>control_statement),reduce(statement>control_statement),reduce(statement>control_statement),reduce(statement>control_statement),,,,,,,,,,,,,,,,,,,,,,,,,,,,,,,,,,,,,,,,,,,,,,,
103,,shift(190),,,,,,,,,,,,,,,,,,,,,,,,,,,,,,,,,,,,,,,,,,,,,,,,,,,,,,,,,,,,,,,,
104,,reduce(statement>SEMI),,reduce(statement>SEMI),,,,,,reduce(statement>SEMI),,reduce(statement>SEMI),,,reduce(statement>SEMI),reduce(statement>SEMI),reduce(statement>SEMI),reduce(statement>SEMI),reduce(statement>SEMI),,,,,,,,,,,,,,,,,,,,,,,,,,,,,,,,,,,,,,,,,,,,,,,
105,,reduce(control_statement>if_statement),,reduce(control_statement>if_statement),,,,,,reduce(control_statement>if_statement),,reduce(control_statement>if_statement),,,reduce(control_statement>if_statement),reduce(control_statement>if_statement),reduce(control_statement>if_statement),reduce(control_statement>if_statement),reduce(control_statement>if_statement),,,,,,,,,,,,,,,,,,,,,,,,,,,,,,,,,,,,,,,,,,,,,,,
106,,reduce(control_statement>while_statement),,reduce(control_statement>while_statement),,,,,,reduce(control_statement>while_statement),,reduce(control_statement>while_statement),,,reduce(control_statement>while_statement),reduce(control_statement>while_statement),reduce(control_statement>while_statement),reduce(control_statement>while_statement),reduce(control_statement>while_statement),,,,,,,,,,,,,,,,,,,,,,,,,,,,,,,,,,,,,,,,,,,,,,,
107,,shift(191),,,,,,,,,,,,,,,,,,,,,,,,,,,,,,,,,,,,,,,,,,,,,,,,,,,,,,,,,,,,,,,,
108,,shift(192),,,,,,,,,,,,,,,,,,,,,,,,,,,,,,,,,,,,,,,,,,,,,,,,,,,,,,,,,,,,,,,,
109,,reduce(if_statement>if_stmt),,reduce(if_statement>if_stmt),,,,,,reduce(if_statement>if_stmt),shift(193),reduce(if_statement>if_stmt),,,reduce(if_statement>if_stmt),reduce(if_statement>if_stmt),reduce(if_statement>if_stmt),reduce(if_statement>if_stmt),reduce(if_statement>if_stmt),,,,,,,,,,,,,,,,,,,,,,,,,,,,,,,,,,,,,,,,,,,,,,,
110,,,,,,,,,,,,,shift(194),,,,,,,,,,,,,,,,,,,,,,,,,,,,,,,,,,,,,,,,,,,,,,,,,,,,,
111,,,,,,,,,,,,,shift(195),,,,,,,,,,,,,,,,,,,,,,,,,,,,,,,,,,,,,,,,,,,,,,,,,,,,,
112,,,,,,,,,,,,,,,reduce(statement>assign_statement SEMI),,,,,,,,,,,,,,,,,,,,,,,,,,,,,,,,,,,,,,,,,,,,,,,,,,,
113,,,,,,,,,,,,,,,reduce(statement>read_write_statement SEMI),,,,,,,,,,,,,,,,,,,,,,,,,,,,,,,,,,,,,,,,,,,,,,,,,,,
114,,,,,,,,,,,,,,,reduce(control_statement>do_while_statement SEMI),,,,,,,,,,,,,,,,,,,,,,,,,,,,,,,,,,,,,,,,,,,,,,,,,,,
115,,,,,,,,,,,,,,,reduce(control_statement>return_statement SEMI),,,,,,,,,,,,,,,,,,,,,,,,,,,,,,,,,,,,,,,,,,,,,,,,,,,
116,,shift(45),,shift(11),,,,,shift(41),,,shift(52),,,shift(51),shift(20),shift(21),shift(22),shift(23),,,,,,,,,,,,,,,,,,,,,,,,,,196,40,42,43,44,46,47,48,49,16,17,50,,,,,,,,,,
117,,,,shift(96),,,shift(95),,,,,,shift(97),,,,,,,,,,,,,,,,,,,shift(92),shift(91),,,shift(93),,,,,,,,197,,,,,,,,,,,,,82,83,84,85,86,87,88,89,90,94
118,,,,shift(96),,,shift(95),,,,,,shift(97),,,,,,,,,,,,,,,,,,,shift(92),shift(91),,,shift(93),,,,,,,,198,,,,,,,,,,,,,82,83,84,85,86,87,88,89,90,94
119,,,,,,,,,,,,,,shift(199),,,,,,,,,,,,,,,,,,,,,,,,,,,,,,,,,,,,,,,,,,,,,,,,,,,,
120,,,,,,,,,,,,,,shift(200),,,,,,shift(165),,,,,,,,,,,,,,,,,,,,,,,,,,,,,,,,,,,,,,,,,,,,,,
121,,,,,,,,,,,,,,shift(201),,,,,,shift(165),,,,,,,,,,,,,,,,,,,,,,,,,,,,,,,,,,,,,,,,,,,,,,
122,,reduce(declaration_list>declaration_list COMMA declaration),reduce(declaration_list>declaration_list COMMA declaration),,,,,,,,,,,,,,,,,,,,,,,,,,,,,,,,,,,,,,,,,,,,,,,,,,,,,,,,,,,,,,,
123,,reduce(declaration>ID ASSIGN exp),reduce(declaration>ID ASSIGN exp),,,,,,,,,,,,,,,,,shift(202),,,,,,,,,,,,,,,,,,,,,,,,,,,,,,,,,,,,,,,,,,,,,,
124,,reduce(exp>exp1),reduce(exp>exp1),,,,,,,,,,,,,,,,,reduce(exp>exp1),shift(203),,,,,,,,,,,,,,,,,,,,,,,,,,,,,,,,,,,,,,,,,,,,,
125,,reduce(exp1>exp2),reduce(exp1>exp2),,,,,,,,,,,,,,,,,reduce(exp1>exp2),reduce(exp1>exp2),shift(204),,,,,,,,,,,,,,,,,,,,,,,,,,,,,,,,,,,,,,,,,,,,
126,,reduce(exp2>exp3),reduce(exp2>exp3),,,,,,,,,,,,,,,,,reduce(exp2>exp3),reduce(exp2>exp3),reduce(exp2>exp3),shift(205),,,,,,,,,,,,,,,,,,,,,,,,,,,,,,,,,,,,,,,,,,,
127,,reduce(exp3>exp4),reduce(exp3>exp4),,,,,,,,,,,,,,,,,reduce(exp3>exp4),reduce(exp3>exp4),reduce(exp3>exp4),reduce(exp3>exp4),shift(206),shift(207),,,,,,,,,,,,,,,,,,,,,,,,,,,,,,,,,,,,,,,,,
128,,reduce(exp4>exp5),reduce(exp4>exp5),,,,,,,,,,,,,,,,,reduce(exp4>exp5),reduce(exp4>exp5),reduce(exp4>exp5),reduce(exp4>exp5),reduce(exp4>exp5),reduce(exp4>exp5),shift(208),shift(209),shift(210),shift(211),,,,,,,,,,,,,,,,,,,,,,,,,,,,,,,,,,,,,
129,,reduce(exp5>exp6),reduce(exp5>exp6),,,,,,,,,,,,,,,,,reduce(exp5>exp6),reduce(exp5>exp6),reduce(exp5>exp6),reduce(exp5>exp6),reduce(exp5>exp6),reduce(exp5>exp6),reduce(exp5>exp6),reduce(exp5>exp6),reduce(exp5>exp6),reduce(exp5>exp6),shift(212),shift(213),,,,,,,,,,,,,,,,,,,,,,,,,,,,,,,,,,,
130,,reduce(exp6>exp7),reduce(exp6>exp7),,,,,,,,,,,,,,,,,reduce(exp6>exp7),reduce(exp6>exp7),reduce(exp6>exp7),reduce(exp6>exp7),reduce(exp6>exp7),reduce(exp6>exp7),reduce(exp6>exp7),reduce(exp6>exp7),reduce(exp6>exp7),reduce(exp6>exp7),reduce(exp6>exp7),reduce(exp6>exp7),shift(214),shift(215),,,,,,,,,,,,,,,,,,,,,,,,,,,,,,,,,
131,,reduce(exp7>exp8),reduce(exp7>exp8),,,,,,,,,,,,,,,,,reduce(exp7>exp8),reduce(exp7>exp8),reduce(exp7>exp8),reduce(exp7>exp8),reduce(exp7>exp8),reduce(exp7>exp8),reduce(exp7>exp8),reduce(exp7>exp8),reduce(exp7>exp8),reduce(exp7>exp8),reduce(exp7>exp8),reduce(exp7>exp8),reduce(exp7>exp8),reduce(exp7>exp8),shift(216),shift(217),,,,,,,,,,,,,,,,,,,,,,,,,,,,,,,
132,,reduce(exp8>exp9),reduce(exp8>exp9),,,,,,,,,,,,,,,,,reduce(exp8>exp9),reduce(exp8>exp9),reduce(exp8>exp9),reduce(exp8>exp9),reduce(exp8>exp9),reduce(exp8>exp9),reduce(exp8>exp9),reduce(exp8>exp9),reduce(exp8>exp9),reduce(exp8>exp9),reduce(exp8>exp9),reduce(exp8>exp9),reduce(exp8>exp9),reduce(exp8>exp9),reduce(exp8>exp9),reduce(exp8>exp9),,,,,,,,,,,,,,,,,,,,,,,,,,,,,,,
133,,,,shift(138),,,shift(137),,,,,,shift(139),,,,,,,,,,,,,,,,,,,shift(134),shift(133),,,shift(135),,,,,,,,,,,,,,,,,,,,,,,,,,,,,218,136
134,,,,shift(138),,,shift(137),,,,,,shift(139),,,,,,,,,,,,,,,,,,,shift(134),shift(133),,,shift(135),,,,,,,,,,,,,,,,,,,,,,,,,,,,,219,136
135,,,,shift(138),,,shift(137),,,,,,shift(139),,,,,,,,,,,,,,,,,,,shift(134),shift(133),,,shift(135),,,,,,,,,,,,,,,,,,,,,,,,,,,,,220,136
136,,reduce(exp9>exp10),reduce(exp9>exp10),,,,,,,,,,,,,,,,,reduce(exp9>exp10),reduce(exp9>exp10),reduce(exp9>exp10),reduce(exp9>exp10),reduce(exp9>exp10),reduce(exp9>exp10),reduce(exp9>exp10),reduce(exp9>exp10),reduce(exp9>exp10),reduce(exp9>exp10),reduce(exp9>exp10),reduce(exp9>exp10),reduce(exp9>exp10),reduce(exp9>exp10),reduce(exp9>exp10),reduce(exp9>exp10),,,,,,,,,,,,,,,,,,,,,,,,,,,,,,,
137,,reduce(exp10>INT_NUM),reduce(exp10>INT_NUM),,,,,,,,,,,,,,,,,reduce(exp10>INT_NUM),reduce(exp10>INT_NUM),reduce(exp10>INT_NUM),reduce(exp10>INT_NUM),reduce(exp10>INT_NUM),reduce(exp10>INT_NUM),reduce(exp10>INT_NUM),reduce(exp10>INT_NUM),reduce(exp10>INT_NUM),reduce(exp10>INT_NUM),reduce(exp10>INT_NUM),reduce(exp10>INT_NUM),reduce(exp10>INT_NUM),reduce(exp10>INT_NUM),reduce(exp10>INT_NUM),reduce(exp10>INT_NUM),,,,,,,,,,,,,,,,,,,,,,,,,,,,,,,
138,,reduce(exp10>ID),reduce(exp10>ID),,,shift(221),,,,,,,,,,,,,,reduce(exp10>ID),reduce(exp10>ID),reduce(exp10>ID),reduce(exp10>ID),reduce(exp10>ID),reduce(exp10>ID),reduce(exp10>ID),reduce(exp10>ID),reduce(exp10>ID),reduce(exp10>ID),reduce(exp10>ID),reduce(exp10>ID),reduce(exp10>ID),reduce(exp10>ID),reduce(exp10>ID),reduce(exp10>ID),,,,,,,,,,,,,,,,,,,,,,,,,,,,,,,
139,,,,shift(96),,,shift(95),,,,,,shift(97),,,,,,,,,,,,,,,,,,,shift(92),shift(91),,,shift(93),,,,,,,,222,,,,,,,,,,,,,82,83,84,85,86,87,88,89,90,94
140,,,,,,,,shift(223),,,,,,,,,,,,,,,,,,,,,,,,,,,,,,,,,,,,,,,,,,,,,,,,,,,,,,,,,,
141,,,,,shift(224),,,,,,,,,,,,,,,,,,,,,,,,,,,,,,,,,,,,,,,,,,,,,,,,,,,,,,,,,,,,,
142,,,,shift(76),,,shift(75),,,,,,shift(77),,,,,,,,,,,,,,,,,,,shift(72),shift(71),,,shift(73),,,,,,,,,,,,,,,,,,,,,225,63,64,65,66,67,68,69,70,74
143,,,,shift(76),,,shift(75),,,,,,shift(77),,,,,,,,,,,,,,,,,,,shift(72),shift(71),,,shift(73),,,,,,,,,,,,,,,,,,,,,,226,64,65,66,67,68,69,70,74
144,,,,shift(76),,,shift(75),,,,,,shift(77),,,,,,,,,,,,,,,,,,,shift(72),shift(71),,,shift(73),,,,,,,,,,,,,,,,,,,,,,,227,65,66,67,68,69,70,74
145,,,,shift(76),,,shift(75),,,,,,shift(77),,,,,,,,,,,,,,,,,,,shift(72),shift(71),,,shift(73),,,,,,,,,,,,,,,,,,,,,,,,228,66,67,68,69,70,74
146,,,,shift(76),,,shift(75),,,,,,shift(77),,,,,,,,,,,,,,,,,,,shift(72),shift(71),,,shift(73),,,,,,,,,,,,,,,,,,,,,,,,,229,67,68,69,70,74
147,,,,shift(76),,,shift(75),,,,,,shift(77),,,,,,,,,,,,,,,,,,,shift(72),shift(71),,,shift(73),,,,,,,,,,,,,,,,,,,,,,,,,230,67,68,69,70,74
148,,,,shift(76),,,shift(75),,,,,,shift(77),,,,,,,,,,,,,,,,,,,shift(72),shift(71),,,shift(73),,,,,,,,,,,,,,,,,,,,,,,,,,231,68,69,70,74
149,,,,shift(76),,,shift(75),,,,,,shift(77),,,,,,,,,,,,,,,,,,,shift(72),shift(71),,,shift(73),,,,,,,,,,,,,,,,,,,,,,,,,,232,68,69,70,74
150,,,,shift(76),,,shift(75),,,,,,shift(77),,,,,,,,,,,,,,,,,,,shift(72),shift(71),,,shift(73),,,,,,,,,,,,,,,,,,,,,,,,,,233,68,69,70,74
151,,,,shift(76),,,shift(75),,,,,,shift(77),,,,,,,,,,,,,,,,,,,shift(72),shift(71),,,shift(73),,,,,,,,,,,,,,,,,,,,,,,,,,234,68,69,70,74
152,,,,shift(76),,,shift(75),,,,,,shift(77),,,,,,,,,,,,,,,,,,,shift(72),shift(71),,,shift(73),,,,,,,,,,,,,,,,,,,,,,,,,,,235,69,70,74
153,,,,shift(76),,,shift(75),,,,,,shift(77),,,,,,,,,,,,,,,,,,,shift(72),shift(71),,,shift(73),,,,,,,,,,,,,,,,,,,,,,,,,,,236,69,70,74
154,,,,shift(76),,,shift(75),,,,,,shift(77),,,,,,,,,,,,,,,,,,,shift(72),shift(71),,,shift(73),,,,,,,,,,,,,,,,,,,,,,,,,,,,237,70,74
155,,,,shift(76),,,shift(75),,,,,,shift(77),,,,,,,,,,,,,,,,,,,shift(72),shift(71),,,shift(73),,,,,,,,,,,,,,,,,,,,,,,,,,,,238,70,74
156,,,,shift(76),,,shift(75),,,,,,shift(77),,,,,,,,,,,,,,,,,,,shift(72),shift(71),,,shift(73),,,,,,,,,,,,,,,,,,,,,,,,,,,,,239,74
157,,,,shift(76),,,shift(75),,,,,,shift(77),,,,,,,,,,,,,,,,,,,shift(72),shift(71),,,shift(73),,,,,,,,,,,,,,,,,,,,,,,,,,,,,240,74
158,,reduce(exp9>MINUS exp9),,,,,,,,,,,,,,,,,,reduce(exp9>MINUS exp9),reduce(exp9>MINUS exp9),reduce(exp9>MINUS exp9),reduce(exp9>MINUS exp9),reduce(exp9>MINUS exp9),reduce(exp9>MINUS exp9),reduce(exp9>MINUS exp9),reduce(exp9>MINUS exp9),reduce(exp9>MINUS exp9),reduce(exp9>MINUS exp9),reduce(exp9>MINUS exp9),reduce(exp9>MINUS exp9),reduce(exp9>MINUS exp9),reduce(exp9>MINUS exp9),reduce(exp9>MINUS exp9),reduce(exp9>MINUS exp9),,,,,,,,,,,,,,,,,,,,,,,,,,,,,,,
159,,reduce(exp9>PLUS exp9),,,,,,,,,,,,,,,,,,reduce(exp9>PLUS exp9),reduce(exp9>PLUS exp9),reduce(exp9>PLUS exp9),reduce(exp9>PLUS exp9),reduce(exp9>PLUS exp9),reduce(exp9>PLUS exp9),reduce(exp9>PLUS exp9),reduce(exp9>PLUS exp9),reduce(exp9>PLUS exp9),reduce(exp9>PLUS exp9),reduce(exp9>PLUS exp9),reduce(exp9>PLUS exp9),reduce(exp9>PLUS exp9),reduce(exp9>PLUS exp9),reduce(exp9>PLUS exp9),reduce(exp9>PLUS exp9),,,,,,,,,,,,,,,,,,,,,,,,,,,,,,,
160,,reduce(exp9>NOT_OP exp9),,,,,,,,,,,,,,,,,,reduce(exp9>NOT_OP exp9),reduce(exp9>NOT_OP exp9),reduce(exp9>NOT_OP exp9),reduce(exp9>NOT_OP exp9),reduce(exp9>NOT_OP exp9),reduce(exp9>NOT_OP exp9),reduce(exp9>NOT_OP exp9),reduce(exp9>NOT_OP exp9),reduce(exp9>NOT_OP exp9),reduce(exp9>NOT_OP exp9),reduce(exp9>NOT_OP exp9),reduce(exp9>NOT_OP exp9),reduce(exp9>NOT_OP exp9),reduce(exp9>NOT_OP exp9),reduce(exp9>NOT_OP exp9),reduce(exp9>NOT_OP exp9),,,,,,,,,,,,,,,,,,,,,,,,,,,,,,,
161,,,,,,,shift(241),,,,,,,,,,,,,,,,,,,,,,,,,,,,,,,,,,,,,,,,,,,,,,,,,,,,,,,,,,,
162,,,,,,,,,,,,,,shift(242),,,,,,shift(165),,,,,,,,,,,,,,,,,,,,,,,,,,,,,,,,,,,,,,,,,,,,,,
163,,shift(104),,shift(11),,,,,,shift(243),,shift(111),,,shift(110),shift(20),shift(21),shift(22),shift(23),,,,,,,,,,,,,,,,,,,,,,,,,,,188,101,102,103,105,106,107,108,16,17,109,,,,,,,,,,
164,,shift(10),,shift(11),,,,,shift(80),,,shift(24),,,shift(19),shift(20),shift(21),shift(22),shift(23),,,,,,,,,,,,,,,,,,,,,,,,,,244,79,7,8,9,12,13,14,15,16,17,18,,,,,,,,,,
165,,,,shift(96),,,shift(95),,,,,,shift(97),,,,,,,,,,,,,,,,,,,shift(92),shift(91),,,shift(93),,,,,,,,,,,,,,,,,,,,,245,83,84,85,86,87,88,89,90,94
166,,,,shift(96),,,shift(95),,,,,,shift(97),,,,,,,,,,,,,,,,,,,shift(92),shift(91),,,shift(93),,,,,,,,,,,,,,,,,,,,,,246,84,85,86,87,88,89,90,94
167,,,,shift(96),,,shift(95),,,,,,shift(97),,,,,,,,,,,,,,,,,,,shift(92),shift(91),,,shift(93),,,,,,,,,,,,,,,,,,,,,,,247,85,86,87,88,89,90,94
168,,,,shift(96),,,shift(95),,,,,,shift(97),,,,,,,,,,,,,,,,,,,shift(92),shift(91),,,shift(93),,,,,,,,,,,,,,,,,,,,,,,,248,86,87,88,89,90,94
169,,,,shift(96),,,shift(95),,,,,,shift(97),,,,,,,,,,,,,,,,,,,shift(92),shift(91),,,shift(93),,,,,,,,,,,,,,,,,,,,,,,,,249,87,88,89,90,94
170,,,,shift(96),,,shift(95),,,,,,shift(97),,,,,,,,,,,,,,,,,,,shift(92),shift(91),,,shift(93),,,,,,,,,,,,,,,,,,,,,,,,,250,87,88,89,90,94
171,,,,shift(96),,,shift(95),,,,,,shift(97),,,,,,,,,,,,,,,,,,,shift(92),shift(91),,,shift(93),,,,,,,,,,,,,,,,,,,,,,,,,,251,88,89,90,94
172,,,,shift(96),,,shift(95),,,,,,shift(97),,,,,,,,,,,,,,,,,,,shift(92),shift(91),,,shift(93),,,,,,,,,,,,,,,,,,,,,,,,,,252,88,89,90,94
173,,,,shift(96),,,shift(95),,,,,,shift(97),,,,,,,,,,,,,,,,,,,shift(92),shift(91),,,shift(93),,,,,,,,,,,,,,,,,,,,,,,,,,253,88,89,90,94
174,,,,shift(96),,,shift(95),,,,,,shift(97),,,,,,,,,,,,,,,,,,,shift(92),shift(91),,,shift(93),,,,,,,,,,,,,,,,,,,,,,,,,,254,88,89,90,94
175,,,,shift(96),,,shift(95),,,,,,shift(97),,,,,,,,,,,,,,,,,,,shift(92),shift(91),,,shift(93),,,,,,,,,,,,,,,,,,,,,,,,,,,255,89,90,94
176,,,,shift(96),,,shift(95),,,,,,shift(97),,,,,,,,,,,,,,,,,,,shift(92),shift(91),,,shift(93),,,,,,,,,,,,,,,,,,,,,,,,,,,256,89,90,94
177,,,,shift(96),,,shift(95),,,,,,shift(97),,,,,,,,,,,,,,,,,,,shift(92),shift(91),,,shift(93),,,,,,,,,,,,,,,,,,,,,,,,,,,,257,90,94
178,,,,shift(96),,,shift(95),,,,,,shift(97),,,,,,,,,,,,,,,,,,,shift(92),shift(91),,,shift(93),,,,,,,,,,,,,,,,,,,,,,,,,,,,258,90,94
179,,,,shift(96),,,shift(95),,,,,,shift(97),,,,,,,,,,,,,,,,,,,shift(92),shift(91),,,shift(93),,,,,,,,,,,,,,,,,,,,,,,,,,,,,259,94
180,,,,shift(96),,,shift(95),,,,,,shift(97),,,,,,,,,,,,,,,,,,,shift(92),shift(91),,,shift(93),,,,,,,,,,,,,,,,,,,,,,,,,,,,,260,94
181,,,,,,,,,,,,,,reduce(exp9>MINUS exp9),,,,,,reduce(exp9>MINUS exp9),reduce(exp9>MINUS exp9),reduce(exp9>MINUS exp9),reduce(exp9>MINUS exp9),reduce(exp9>MINUS exp9),reduce(exp9>MINUS exp9),reduce(exp9>MINUS exp9),reduce(exp9>MINUS exp9),reduce(exp9>MINUS exp9),reduce(exp9>MINUS exp9),reduce(exp9>MINUS exp9),reduce(exp9>MINUS exp9),reduce(exp9>MINUS exp9),reduce(exp9>MINUS exp9),reduce(exp9>MINUS exp9),reduce(exp9>MINUS exp9),,,,,,,,,,,,,,,,,,,,,,,,,,,,,,,
182,,,,,,,,,,,,,,reduce(exp9>PLUS exp9),,,,,,reduce(exp9>PLUS exp9),reduce(exp9>PLUS exp9),reduce(exp9>PLUS exp9),reduce(exp9>PLUS exp9),reduce(exp9>PLUS exp9),reduce(exp9>PLUS exp9),reduce(exp9>PLUS exp9),reduce(exp9>PLUS exp9),reduce(exp9>PLUS exp9),reduce(exp9>PLUS exp9),reduce(exp9>PLUS exp9),reduce(exp9>PLUS exp9),reduce(exp9>PLUS exp9),reduce(exp9>PLUS exp9),reduce(exp9>PLUS exp9),reduce(exp9>PLUS exp9),,,,,,,,,,,,,,,,,,,,,,,,,,,,,,,
183,,,,,,,,,,,,,,reduce(exp9>NOT_OP exp9),,,,,,reduce(exp9>NOT_OP exp9),reduce(exp9>NOT_OP exp9),reduce(exp9>NOT_OP exp9),reduce(exp9>NOT_OP exp9),reduce(exp9>NOT_OP exp9),reduce(exp9>NOT_OP exp9),reduce(exp9>NOT_OP exp9),reduce(exp9>NOT_OP exp9),reduce(exp9>NOT_OP exp9),reduce(exp9>NOT_OP exp9),reduce(exp9>NOT_OP exp9),reduce(exp9>NOT_OP exp9),reduce(exp9>NOT_OP exp9),reduce(exp9>NOT_OP exp9),reduce(exp9>NOT_OP exp9),reduce(exp9>NOT_OP exp9),,,,,,,,,,,,,,,,,,,,,,,,,,,,,,,
184,,,,,,,shift(261),,,,,,,,,,,,,,,,,,,,,,,,,,,,,,,,,,,,,,,,,,,,,,,,,,,,,,,,,,,
185,,,,,,,,,,,,,,shift(262),,,,,,shift(165),,,,,,,,,,,,,,,,,,,,,,,,,,,,,,,,,,,,,,,,,,,,,,
186,,,,shift(96),,,shift(95),,,,,,shift(97),,,,,,,,,,,,,,,,,,,shift(92),shift(91),,,shift(93),,,,,,,,263,,,,,,,,,,,,,82,83,84,85,86,87,88,89,90,94
187,,,,,,,,,,,,,,,reduce(code_block>LBRACE statements RBRACE),,,,,,,,,,,,,,,,,,,,,,,,,,,,,,,,,,,,,,,,,,,,,,,,,,,
188,,reduce(statements>statements statement),,reduce(statements>statements statement),,,,,,reduce(statements>statements statement),,reduce(statements>statements statement),,,reduce(statements>statements statement),reduce(statements>statements statement),reduce(statements>statements statement),reduce(statements>statements statement),reduce(statements>statements statement),,,,,,,,,,,,,,,,,,,,,,,,,,,,,,,,,,,,,,,,,,,,,,,
189,,reduce(statement>assign_statement SEMI),,reduce(statement>assign_statement SEMI),,,,,,reduce(statement>assign_statement SEMI),,reduce(statement>assign_statement SEMI),,,reduce(statement>assign_statement SEMI),reduce(statement>assign_statement SEMI),reduce(statement>assign_statement SEMI),reduce(statement>assign_statement SEMI),reduce(statement>assign_statement SEMI),,,,,,,,,,,,,,,,,,,,,,,,,,,,,,,,,,,,,,,,,,,,,,,
190,,reduce(statement>read_write_statement SEMI),,reduce(statement>read_write_statement SEMI),,,,,,reduce(statement>read_write_statement SEMI),,reduce(statement>read_write_statement SEMI),,,reduce(statement>read_write_statement SEMI),reduce(statement>read_write_statement SEMI),reduce(statement>read_write_statement SEMI),reduce(statement>read_write_statement SEMI),reduce(statement>read_write_statement SEMI),,,,,,,,,,,,,,,,,,,,,,,,,,,,,,,,,,,,,,,,,,,,,,,
191,,reduce(control_statement>do_while_statement SEMI),,reduce(control_statement>do_while_statement SEMI),,,,,,reduce(control_statement>do_while_statement SEMI),,reduce(control_statement>do_while_statement SEMI),,,reduce(control_statement>do_while_statement SEMI),reduce(control_statement>do_while_statement SEMI),reduce(control_statement>do_while_statement SEMI),reduce(control_statement>do_while_statement SEMI),reduce(control_statement>do_while_statement SEMI),,,,,,,,,,,,,,,,,,,,,,,,,,,,,,,,,,,,,,,,,,,,,,,
192,,reduce(control_statement>return_statement SEMI),,reduce(control_statement>return_statement SEMI),,,,,,reduce(control_statement>return_statement SEMI),,reduce(control_statement>return_statement SEMI),,,reduce(control_statement>return_statement SEMI),reduce(control_statement>return_statement SEMI),reduce(control_statement>return_statement SEMI),reduce(control_statement>return_statement SEMI),reduce(control_statement>return_statement SEMI),,,,,,,,,,,,,,,,,,,,,,,,,,,,,,,,,,,,,,,,,,,,,,,
193,,shift(104),,shift(11),,,,,shift(266),,,shift(111),,,shift(110),shift(20),shift(21),shift(22),shift(23),,,,,,,,,,,,,,,,,,,,,,,,,,264,265,101,102,103,105,106,107,108,16,17,109,,,,,,,,,,
194,,,,shift(96),,,shift(95),,,,,,shift(97),,,,,,,,,,,,,,,,,,,shift(92),shift(91),,,shift(93),,,,,,,,267,,,,,,,,,,,,,82,83,84,85,86,87,88,89,90,94
195,,,,shift(96),,,shift(95),,,,,,shift(97),,,,,,,,,,,,,,,,,,,shift(92),shift(91),,,shift(93),,,,,,,,268,,,,,,,,,,,,,82,83,84,85,86,87,88,89,90,94
196,,,,,,,,,,,,,,,reduce(if_statement>if_stmt ELSE code_block),,,,,,,,,,,,,,,,,,,,,,,,,,,,,,,,,,,,,,,,,,,,,,,,,,,
197,,,,,,,,,,,,,,shift(269),,,,,,shift(165),,,,,,,,,,,,,,,,,,,,,,,,,,,,,,,,,,,,,,,,,,,,,,
198,,,,,,,,,,,,,,shift(270),,,,,,shift(165),,,,,,,,,,,,,,,,,,,,,,,,,,,,,,,,,,,,,,,,,,,,,,
199,,reduce(read_statement>READ LPAR ID RPAR),,,,,,,,,,,,,,,,,,,,,,,,,,,,,,,,,,,,,,,,,,,,,,,,,,,,,,,,,,,,,,,,
200,,reduce(write_statement>WRITE LPAR exp RPAR),,,,,,,,,,,,,,,,,,,,,,,,,,,,,,,,,,,,,,,,,,,,,,,,,,,,,,,,,,,,,,,,
201,,shift(277),,shift(11),,,,,shift(273),,,shift(24),,,shift(283),shift(20),shift(21),shift(22),shift(23),,,,,,,,,,,,,,,,,,,,,,,,,,271,272,274,275,276,278,279,280,281,16,17,282,,,,,,,,,,
202,,,,shift(138),,,shift(137),,,,,,shift(139),,,,,,,,,,,,,,,,,,,shift(134),shift(133),,,shift(135),,,,,,,,,,,,,,,,,,,,,284,125,126,127,128,129,130,131,132,136
203,,,,shift(138),,,shift(137),,,,,,shift(139),,,,,,,,,,,,,,,,,,,shift(134),shift(133),,,shift(135),,,,,,,,,,,,,,,,,,,,,,285,126,127,128,129,130,131,132,136
204,,,,shift(138),,,shift(137),,,,,,shift(139),,,,,,,,,,,,,,,,,,,shift(134),shift(133),,,shift(135),,,,,,,,,,,,,,,,,,,,,,,286,127,128,129,130,131,132,136
205,,,,shift(138),,,shift(137),,,,,,shift(139),,,,,,,,,,,,,,,,,,,shift(134),shift(133),,,shift(135),,,,,,,,,,,,,,,,,,,,,,,,287,128,129,130,131,132,136
206,,,,shift(138),,,shift(137),,,,,,shift(139),,,,,,,,,,,,,,,,,,,shift(134),shift(133),,,shift(135),,,,,,,,,,,,,,,,,,,,,,,,,288,129,130,131,132,136
207,,,,shift(138),,,shift(137),,,,,,shift(139),,,,,,,,,,,,,,,,,,,shift(134),shift(133),,,shift(135),,,,,,,,,,,,,,,,,,,,,,,,,289,129,130,131,132,136
208,,,,shift(138),,,shift(137),,,,,,shift(139),,,,,,,,,,,,,,,,,,,shift(134),shift(133),,,shift(135),,,,,,,,,,,,,,,,,,,,,,,,,,290,130,131,132,136
209,,,,shift(138),,,shift(137),,,,,,shift(139),,,,,,,,,,,,,,,,,,,shift(134),shift(133),,,shift(135),,,,,,,,,,,,,,,,,,,,,,,,,,291,130,131,132,136
210,,,,shift(138),,,shift(137),,,,,,shift(139),,,,,,,,,,,,,,,,,,,shift(134),shift(133),,,shift(135),,,,,,,,,,,,,,,,,,,,,,,,,,292,130,131,132,136
211,,,,shift(138),,,shift(137),,,,,,shift(139),,,,,,,,,,,,,,,,,,,shift(134),shift(133),,,shift(135),,,,,,,,,,,,,,,,,,,,,,,,,,293,130,131,132,136
212,,,,shift(138),,,shift(137),,,,,,shift(139),,,,,,,,,,,,,,,,,,,shift(134),shift(133),,,shift(135),,,,,,,,,,,,,,,,,,,,,,,,,,,294,131,132,136
213,,,,shift(138),,,shift(137),,,,,,shift(139),,,,,,,,,,,,,,,,,,,shift(134),shift(133),,,shift(135),,,,,,,,,,,,,,,,,,,,,,,,,,,295,131,132,136
214,,,,shift(138),,,shift(137),,,,,,shift(139),,,,,,,,,,,,,,,,,,,shift(134),shift(133),,,shift(135),,,,,,,,,,,,,,,,,,,,,,,,,,,,296,132,136
215,,,,shift(138),,,shift(137),,,,,,shift(139),,,,,,,,,,,,,,,,,,,shift(134),shift(133),,,shift(135),,,,,,,,,,,,,,,,,,,,,,,,,,,,297,132,136
216,,,,shift(138),,,shift(137),,,,,,shift(139),,,,,,,,,,,,,,,,,,,shift(134),shift(133),,,shift(135),,,,,,,,,,,,,,,,,,,,,,,,,,,,,298,136
217,,,,shift(138),,,shift(137),,,,,,shift(139),,,,,,,,,,,,,,,,,,,shift(134),shift(133),,,shift(135),,,,,,,,,,,,,,,,,,,,,,,,,,,,,299,136
218,,reduce(exp9>MINUS exp9),reduce(exp9>MINUS exp9),,,,,,,,,,,,,,,,,reduce(exp9>MINUS exp9),reduce(exp9>MINUS exp9),reduce(exp9>MINUS exp9),reduce(exp9>MINUS exp9),reduce(exp9>MINUS exp9),reduce(exp9>MINUS exp9),reduce(exp9>MINUS exp9),reduce(exp9>MINUS exp9),reduce(exp9>MINUS exp9),reduce(exp9>MINUS exp9),reduce(exp9>MINUS exp9),reduce(exp9>MINUS exp9),reduce(exp9>MINUS exp9),reduce(exp9>MINUS exp9),reduce(exp9>MINUS exp9),reduce(exp9>MINUS exp9),,,,,,,,,,,,,,,,,,,,,,,,,,,,,,,
219,,reduce(exp9>PLUS exp9),reduce(exp9>PLUS exp9),,,,,,,,,,,,,,,,,reduce(exp9>PLUS exp9),reduce(exp9>PLUS exp9),reduce(exp9>PLUS exp9),reduce(exp9>PLUS exp9),reduce(exp9>PLUS exp9),reduce(exp9>PLUS exp9),reduce(exp9>PLUS exp9),reduce(exp9>PLUS exp9),reduce(exp9>PLUS exp9),reduce(exp9>PLUS exp9),reduce(exp9>PLUS exp9),reduce(exp9>PLUS exp9),reduce(exp9>PLUS exp9),reduce(exp9>PLUS exp9),reduce(exp9>PLUS exp9),reduce(exp9>PLUS exp9),,,,,,,,,,,,,,,,,,,,,,,,,,,,,,,
220,,reduce(exp9>NOT_OP exp9),reduce(exp9>NOT_OP exp9),,,,,,,,,,,,,,,,,reduce(exp9>NOT_OP exp9),reduce(exp9>NOT_OP exp9),reduce(exp9>NOT_OP exp9),reduce(exp9>NOT_OP exp9),reduce(exp9>NOT_OP exp9),reduce(exp9>NOT_OP exp9),reduce(exp9>NOT_OP exp9),reduce(exp9>NOT_OP exp9),reduce(exp9>NOT_OP exp9),reduce(exp9>NOT_OP exp9),reduce(exp9>NOT_OP exp9),reduce(exp9>NOT_OP exp9),reduce(exp9>NOT_OP exp9),reduce(exp9>NOT_OP exp9),reduce(exp9>NOT_OP exp9),reduce(exp9>NOT_OP exp9),,,,,,,,,,,,,,,,,,,,,,,,,,,,,,,
221,,,,,,,shift(300),,,,,,,,,,,,,,,,,,,,,,,,,,,,,,,,,,,,,,,,,,,,,,,,,,,,,,,,,,,
222,,,,,,,,,,,,,,shift(301),,,,,,shift(165),,,,,,,,,,,,,,,,,,,,,,,,,,,,,,,,,,,,,,,,,,,,,,
223,,reduce(declaration>ID LSQUARE INT_NUM RSQUARE),reduce(declaration>ID LSQUARE INT_NUM RSQUARE),,,,,,,,,,,,,,,,,,,,,,,,,,,,,,,,,,,,,,,,,,,,,,,,,,,,,,,,,,,,,,,
224,,,,shift(76),,,shift(75),,,,,,shift(77),,,,,,,,,,,,,,,,,,,shift(72),shift(71),,,shift(73),,,,,,,,302,,,,,,,,,,,,,62,63,64,65,66,67,68,69,70,74
225,,reduce(exp>exp OROR exp1),,,,,,,,,,,,,,,,,,reduce(exp>exp OROR exp1),shift(143),,,,,,,,,,,,,,,,,,,,,,,,,,,,,,,,,,,,,,,,,,,,,
226,,reduce(exp1>exp1 ANDAND exp2),,,,,,,,,,,,,,,,,,reduce(exp1>exp1 ANDAND exp2),reduce(exp1>exp1 ANDAND exp2),shift(144),,,,,,,,,,,,,,,,,,,,,,,,,,,,,,,,,,,,,,,,,,,,
227,,reduce(exp2>exp2 OR_OP exp3),,,,,,,,,,,,,,,,,,reduce(exp2>exp2 OR_OP exp3),reduce(exp2>exp2 OR_OP exp3),reduce(exp2>exp2 OR_OP exp3),shift(145),,,,,,,,,,,,,,,,,,,,,,,,,,,,,,,,,,,,,,,,,,,
228,,reduce(exp3>exp3 AND_OP exp4),,,,,,,,,,,,,,,,,,reduce(exp3>exp3 AND_OP exp4),reduce(exp3>exp3 AND_OP exp4),reduce(exp3>exp3 AND_OP exp4),reduce(exp3>exp3 AND_OP exp4),shift(146),shift(147),,,,,,,,,,,,,,,,,,,,,,,,,,,,,,,,,,,,,,,,,
229,,reduce(exp4>exp4 EQ exp5),,,,,,,,,,,,,,,,,,reduce(exp4>exp4 EQ exp5),reduce(exp4>exp4 EQ exp5),reduce(exp4>exp4 EQ exp5),reduce(exp4>exp4 EQ exp5),reduce(exp4>exp4 EQ exp5),reduce(exp4>exp4 EQ exp5),shift(148),shift(149),shift(150),shift(151),,,,,,,,,,,,,,,,,,,,,,,,,,,,,,,,,,,,,
230,,reduce(exp4>exp4 NOTEQ exp5),,,,,,,,,,,,,,,,,,reduce(exp4>exp4 NOTEQ exp5),reduce(exp4>exp4 NOTEQ exp5),reduce(exp4>exp4 NOTEQ exp5),reduce(exp4>exp4 NOTEQ exp5),reduce(exp4>exp4 NOTEQ exp5),reduce(exp4>exp4 NOTEQ exp5),shift(148),shift(149),shift(150),shift(151),,,,,,,,,,,,,,,,,,,,,,,,,,,,,,,,,,,,,
231,,reduce(exp5>exp5 LT exp6),,,,,,,,,,,,,,,,,,reduce(exp5>exp5 LT exp6),reduce(exp5>exp5 LT exp6),reduce(exp5>exp5 LT exp6),reduce(exp5>exp5 LT exp6),reduce(exp5>exp5 LT exp6),reduce(exp5>exp5 LT exp6),reduce(exp5>exp5 LT exp6),reduce(exp5>exp5 LT exp6),reduce(exp5>exp5 LT exp6),reduce(exp5>exp5 LT exp6),shift(152),shift(153),,,,,,,,,,,,,,,,,,,,,,,,,,,,,,,,,,,
232,,reduce(exp5>exp5 GT exp6),,,,,,,,,,,,,,,,,,reduce(exp5>exp5 GT exp6),reduce(exp5>exp5 GT exp6),reduce(exp5>exp5 GT exp6),reduce(exp5>exp5 GT exp6),reduce(exp5>exp5 GT exp6),reduce(exp5>exp5 GT exp6),reduce(exp5>exp5 GT exp6),reduce(exp5>exp5 GT exp6),reduce(exp5>exp5 GT exp6),reduce(exp5>exp5 GT exp6),shift(152),shift(153),,,,,,,,,,,,,,,,,,,,,,,,,,,,,,,,,,,
233,,reduce(exp5>exp5 LTEQ exp6),,,,,,,,,,,,,,,,,,reduce(exp5>exp5 LTEQ exp6),reduce(exp5>exp5 LTEQ exp6),reduce(exp5>exp5 LTEQ exp6),reduce(exp5>exp5 LTEQ exp6),reduce(exp5>exp5 LTEQ exp6),reduce(exp5>exp5 LTEQ exp6),reduce(exp5>exp5 LTEQ exp6),reduce(exp5>exp5 LTEQ exp6),reduce(exp5>exp5 LTEQ exp6),reduce(exp5>exp5 LTEQ exp6),shift(152),shift(153),,,,,,,,,,,,,,,,,,,,,,,,,,,,,,,,,,,
234,,reduce(exp5>exp5 GTEQ exp6),,,,,,,,,,,,,,,,,,reduce(exp5>exp5 GTEQ exp6),reduce(exp5>exp5 GTEQ exp6),reduce(exp5>exp5 GTEQ exp6),reduce(exp5>exp5 GTEQ exp6),reduce(exp5>exp5 GTEQ exp6),reduce(exp5>exp5 GTEQ exp6),reduce(exp5>exp5 GTEQ exp6),reduce(exp5>exp5 GTEQ exp6),reduce(exp5>exp5 GTEQ exp6),reduce(exp5>exp5 GTEQ exp6),shift(152),shift(153),,,,,,,,,,,,,,,,,,,,,,,,,,,,,,,,,,,
235,,reduce(exp6>exp6 SHL_OP exp7),,,,,,,,,,,,,,,,,,reduce(exp6>exp6 SHL_OP exp7),reduce(exp6>exp6 SHL_OP exp7),reduce(exp6>exp6 SHL_OP exp7),reduce(exp6>exp6 SHL_OP exp7),reduce(exp6>exp6 SHL_OP exp7),reduce(exp6>exp6 SHL_OP exp7),reduce(exp6>exp6 SHL_OP exp7),reduce(exp6>exp6 SHL_OP exp7),reduce(exp6>exp6 SHL_OP exp7),reduce(exp6>exp6 SHL_OP exp7),reduce(exp6>exp6 SHL_OP exp7),reduce(exp6>exp6 SHL_OP exp7),shift(154),shift(155),,,,,,,,,,,,,,,,,,,,,,,,,,,,,,,,,
236,,reduce(exp6>exp6 SHR_OP exp7),,,,,,,,,,,,,,,,,,reduce(exp6>exp6 SHR_OP exp7),reduce(exp6>exp6 SHR_OP exp7),reduce(exp6>exp6 SHR_OP exp7),reduce(exp6>exp6 SHR_OP exp7),reduce(exp6>exp6 SHR_OP exp7),reduce(exp6>exp6 SHR_OP exp7),reduce(exp6>exp6 SHR_OP exp7),reduce(exp6>exp6 SHR_OP exp7),reduce(exp6>exp6 SHR_OP exp7),reduce(exp6>exp6 SHR_OP exp7),reduce(exp6>exp6 SHR_OP exp7),reduce(exp6>exp6 SHR_OP exp7),shift(154),shift(155),,,,,,,,,,,,,,,,,,,,,,,,,,,,,,,,,
237,,reduce(exp7>exp7 PLUS exp8),,,,,,,,,,,,,,,,,,reduce(exp7>exp7 PLUS exp8),reduce(exp7>exp7 PLUS exp8),reduce(exp7>exp7 PLUS exp8),reduce(exp7>exp7 PLUS exp8),reduce(exp7>exp7 PLUS exp8),reduce(exp7>exp7 PLUS exp8),reduce(exp7>exp7 PLUS exp8),reduce(exp7>exp7 PLUS exp8),reduce(exp7>exp7 PLUS exp8),reduce(exp7>exp7 PLUS exp8),reduce(exp7>exp7 PLUS exp8),reduce(exp7>exp7 PLUS exp8),reduce(exp7>exp7 PLUS exp8),reduce(exp7>exp7 PLUS exp8),shift(156),shift(157),,,,,,,,,,,,,,,,,,,,,,,,,,,,,,,
238,,reduce(exp7>exp7 MINUS exp8),,,,,,,,,,,,,,,,,,reduce(exp7>exp7 MINUS exp8),reduce(exp7>exp7 MINUS exp8),reduce(exp7>exp7 MINUS exp8),reduce(exp7>exp7 MINUS exp8),reduce(exp7>exp7 MINUS exp8),reduce(exp7>exp7 MINUS exp8),reduce(exp7>exp7 MINUS exp8),reduce(exp7>exp7 MINUS exp8),reduce(exp7>exp7 MINUS exp8),reduce(exp7>exp7 MINUS exp8),reduce(exp7>exp7 MINUS exp8),reduce(exp7>exp7 MINUS exp8),reduce(exp7>exp7 MINUS exp8),reduce(exp7>exp7 MINUS exp8),shift(156),shift(157),,,,,,,,,,,,,,,,,,,,,,,,,,,,,,,
239,,reduce(exp8>exp8 MUL_OP exp9),,,,,,,,,,,,,,,,,,reduce(exp8>exp8 MUL_OP exp9),reduce(exp8>exp8 MUL_OP exp9),reduce(exp8>exp8 MUL_OP exp9),reduce(exp8>exp8 MUL_OP exp9),reduce(exp8>exp8 MUL_OP exp9),reduce(exp8>exp8 MUL_OP exp9),reduce(exp8>exp8 MUL_OP exp9),reduce(exp8>exp8 MUL_OP exp9),reduce(exp8>exp8 MUL_OP exp9),reduce(exp8>exp8 MUL_OP exp9),reduce(exp8>exp8 MUL_OP exp9),reduce(exp8>exp8 MUL_OP exp9),reduce(exp8>exp8 MUL_OP exp9),reduce(exp8>exp8 MUL_OP exp9),reduce(exp8>exp8 MUL_OP exp9),reduce(exp8>exp8 MUL_OP exp9),,,,,,,,,,,,,,,,,,,,,,,,,,,,,,,
240,,reduce(exp8>exp8 DIV_OP exp9),,,,,,,,,,,,,,,,,,reduce(exp8>exp8 DIV_OP exp9),reduce(exp8>exp8 DIV_OP exp9),reduce(exp8>exp8 DIV_OP exp9),reduce(exp8>exp8 DIV_OP exp9),reduce(exp8>exp8 DIV_OP exp9),reduce(exp8>exp8 DIV_OP exp9),reduce(exp8>exp8 DIV_OP exp9),reduce(exp8>exp8 DIV_OP exp9),reduce(exp8>exp8 DIV_OP exp9),reduce(exp8>exp8 DIV_OP exp9),reduce(exp8>exp8 DIV_OP exp9),reduce(exp8>exp8 DIV_OP exp9),reduce(exp8>exp8 DIV_OP exp9),reduce(exp8>exp8 DIV_OP exp9),reduce(exp8>exp8 DIV_OP exp9),reduce(exp8>exp8 DIV_OP exp9),,,,,,,,,,,,,,,,,,,,,,,,,,,,,,,
241,,,,,,,,shift(303),,,,,,,,,,,,,,,,,,,,,,,,,,,,,,,,,,,,,,,,,,,,,,,,,,,,,,,,,,
242,,reduce(exp10>LPAR exp RPAR),,,,,,,,,,,,,,,,,,reduce(exp10>LPAR exp RPAR),reduce(exp10>LPAR exp RPAR),reduce(exp10>LPAR exp RPAR),reduce(exp10>LPAR exp RPAR),reduce(exp10>LPAR exp RPAR),reduce(exp10>LPAR exp RPAR),reduce(exp10>LPAR exp RPAR),reduce(exp10>LPAR exp RPAR),reduce(exp10>LPAR exp RPAR),reduce(exp10>LPAR exp RPAR),reduce(exp10>LPAR exp RPAR),reduce(exp10>LPAR exp RPAR),reduce(exp10>LPAR exp RPAR),reduce(exp10>LPAR exp RPAR),reduce(exp10>LPAR exp RPAR),reduce(exp10>LPAR exp RPAR),,,,,,,,,,,,,,,,,,,,,,,,,,,,,,,
243,,reduce(code_block>LBRACE statements RBRACE),,reduce(code_block>LBRACE statements RBRACE),,,,,,,,reduce(code_block>LBRACE statements RBRACE),,,reduce(code_block>LBRACE statements RBRACE),reduce(code_block>LBRACE statements RBRACE),reduce(code_block>LBRACE statements RBRACE),reduce(code_block>LBRACE statements RBRACE),reduce(code_block>LBRACE statements RBRACE),,,,,,,,,,,,,,,,,,reduce(code_block>LBRACE statements RBRACE),,,,,,,,,,,,,,,,,,,,,,,,,,,,,
244,,reduce(while_statement>WHILE LPAR exp RPAR code_block),,reduce(while_statement>WHILE LPAR exp RPAR code_block),,,,,,,,reduce(while_statement>WHILE LPAR exp RPAR code_block),,,reduce(while_statement>WHILE LPAR exp RPAR code_block),reduce(while_statement>WHILE LPAR exp RPAR code_block),reduce(while_statement>WHILE LPAR exp RPAR code_block),reduce(while_statement>WHILE LPAR exp RPAR code_block),reduce(while_statement>WHILE LPAR exp RPAR code_block),,,,,,,,,,,,,,,,,,reduce(while_statement>WHILE LPAR exp RPAR code_block),,,,,,,,,,,,,,,,,,,,,,,,,,,,,
245,,,,,,,,,,,,,,reduce(exp>exp OROR exp1),,,,,,reduce(exp>exp OROR exp1),shift(166),,,,,,,,,,,,,,,,,,,,,,,,,,,,,,,,,,,,,,,,,,,,,
246,,,,,,,,,,,,,,reduce(exp1>exp1 ANDAND exp2),,,,,,reduce(exp1>exp1 ANDAND exp2),reduce(exp1>exp1 ANDAND exp2),shift(167),,,,,,,,,,,,,,,,,,,,,,,,,,,,,,,,,,,,,,,,,,,,
247,,,,,,,,,,,,,,reduce(exp2>exp2 OR_OP exp3),,,,,,reduce(exp2>exp2 OR_OP exp3),reduce(exp2>exp2 OR_OP exp3),reduce(exp2>exp2 OR_OP exp3),shift(168),,,,,,,,,,,,,,,,,,,,,,,,,,,,,,,,,,,,,,,,,,,
248,,,,,,,,,,,,,,reduce(exp3>exp3 AND_OP exp4),,,,,,reduce(exp3>exp3 AND_OP exp4),reduce(exp3>exp3 AND_OP exp4),reduce(exp3>exp3 AND_OP exp4),reduce(exp3>exp3 AND_OP exp4),shift(169),shift(170),,,,,,,,,,,,,,,,,,,,,,,,,,,,,,,,,,,,,,,,,
249,,,,,,,,,,,,,,reduce(exp4>exp4 EQ exp5),,,,,,reduce(exp4>exp4 EQ exp5),reduce(exp4>exp4 EQ exp5),reduce(exp4>exp4 EQ exp5),reduce(exp4>exp4 EQ exp5),reduce(exp4>exp4 EQ exp5),reduce(exp4>exp4 EQ exp5),shift(171),shift(172),shift(173),shift(174),,,,,,,,,,,,,,,,,,,,,,,,,,,,,,,,,,,,,
250,,,,,,,,,,,,,,reduce(exp4>exp4 NOTEQ exp5),,,,,,reduce(exp4>exp4 NOTEQ exp5),reduce(exp4>exp4 NOTEQ exp5),reduce(exp4>exp4 NOTEQ exp5),reduce(exp4>exp4 NOTEQ exp5),reduce(exp4>exp4 NOTEQ exp5),reduce(exp4>exp4 NOTEQ exp5),shift(171),shift(172),shift(173),shift(174),,,,,,,,,,,,,,,,,,,,,,,,,,,,,,,,,,,,,
251,,,,,,,,,,,,,,reduce(exp5>exp5 LT exp6),,,,,,reduce(exp5>exp5 LT exp6),reduce(exp5>exp5 LT exp6),reduce(exp5>exp5 LT exp6),reduce(exp5>exp5 LT exp6),reduce(exp5>exp5 LT exp6),reduce(exp5>exp5 LT exp6),reduce(exp5>exp5 LT exp6),reduce(exp5>exp5 LT exp6),reduce(exp5>exp5 LT exp6),reduce(exp5>exp5 LT exp6),shift(175),shift(176),,,,,,,,,,,,,,,,,,,,,,,,,,,,,,,,,,,
252,,,,,,,,,,,,,,reduce(exp5>exp5 GT exp6),,,,,,reduce(exp5>exp5 GT exp6),reduce(exp5>exp5 GT exp6),reduce(exp5>exp5 GT exp6),reduce(exp5>exp5 GT exp6),reduce(exp5>exp5 GT exp6),reduce(exp5>exp5 GT exp6),reduce(exp5>exp5 GT exp6),reduce(exp5>exp5 GT exp6),reduce(exp5>exp5 GT exp6),reduce(exp5>exp5 GT exp6),shift(175),shift(176),,,,,,,,,,,,,,,,,,,,,,,,,,,,,,,,,,,
253,,,,,,,,,,,,,,reduce(exp5>exp5 LTEQ exp6),,,,,,reduce(exp5>exp5 LTEQ exp6),reduce(exp5>exp5 LTEQ exp6),reduce(exp5>exp5 LTEQ exp6),reduce(exp5>exp5 LTEQ exp6),reduce(exp5>exp5 LTEQ exp6),reduce(exp5>exp5 LTEQ exp6),reduce(exp5>exp5 LTEQ exp6),reduce(exp5>exp5 LTEQ exp6),reduce(exp5>exp5 LTEQ exp6),reduce(exp5>exp5 LTEQ exp6),shift(175),shift(176),,,,,,,,,,,,,,,,,,,,,,,,,,,,,,,,,,,
254,,,,,,,,,,,,,,reduce(exp5>exp5 GTEQ exp6),,,,,,reduce(exp5>exp5 GTEQ exp6),reduce(exp5>exp5 GTEQ exp6),reduce(exp5>exp5 GTEQ exp6),reduce(exp5>exp5 GTEQ exp6),reduce(exp5>exp5 GTEQ exp6),reduce(exp5>exp5 GTEQ exp6),reduce(exp5>exp5 GTEQ exp6),reduce(exp5>exp5 GTEQ exp6),reduce(exp5>exp5 GTEQ exp6),reduce(exp5>exp5 GTEQ exp6),shift(175),shift(176),,,,,,,,,,,,,,,,,,,,,,,,,,,,,,,,,,,
255,,,,,,,,,,,,,,reduce(exp6>exp6 SHL_OP exp7),,,,,,reduce(exp6>exp6 SHL_OP exp7),reduce(exp6>exp6 SHL_OP exp7),reduce(exp6>exp6 SHL_OP exp7),reduce(exp6>exp6 SHL_OP exp7),reduce(exp6>exp6 SHL_OP exp7),reduce(exp6>exp6 SHL_OP exp7),reduce(exp6>exp6 SHL_OP exp7),reduce(exp6>exp6 SHL_OP exp7),reduce(exp6>exp6 SHL_OP exp7),reduce(exp6>exp6 SHL_OP exp7),reduce(exp6>exp6 SHL_OP exp7),reduce(exp6>exp6 SHL_OP exp7),shift(177),shift(178),,,,,,,,,,,,,,,,,,,,,,,,,,,,,,,,,
256,,,,,,,,,,,,,,reduce(exp6>exp6 SHR_OP exp7),,,,,,reduce(exp6>exp6 SHR_OP exp7),reduce(exp6>exp6 SHR_OP exp7),reduce(exp6>exp6 SHR_OP exp7),reduce(exp6>exp6 SHR_OP exp7),reduce(exp6>exp6 SHR_OP exp7),reduce(exp6>exp6 SHR_OP exp7),reduce(exp6>exp6 SHR_OP exp7),reduce(exp6>exp6 SHR_OP exp7),reduce(exp6>exp6 SHR_OP exp7),reduce(exp6>exp6 SHR_OP exp7),reduce(exp6>exp6 SHR_OP exp7),reduce(exp6>exp6 SHR_OP exp7),shift(177),shift(178),,,,,,,,,,,,,,,,,,,,,,,,,,,,,,,,,
257,,,,,,,,,,,,,,reduce(exp7>exp7 PLUS exp8),,,,,,reduce(exp7>exp7 PLUS exp8),reduce(exp7>exp7 PLUS exp8),reduce(exp7>exp7 PLUS exp8),reduce(exp7>exp7 PLUS exp8),reduce(exp7>exp7 PLUS exp8),reduce(exp7>exp7 PLUS exp8),reduce(exp7>exp7 PLUS exp8),reduce(exp7>exp7 PLUS exp8),reduce(exp7>exp7 PLUS exp8),reduce(exp7>exp7 PLUS exp8),reduce(exp7>exp7 PLUS exp8),reduce(exp7>exp7 PLUS exp8),reduce(exp7>exp7 PLUS exp8),reduce(exp7>exp7 PLUS exp8),shift(179),shift(180),,,,,,,,,,,,,,,,,,,,,,,,,,,,,,,
258,,,,,,,,,,,,,,reduce(exp7>exp7 MINUS exp8),,,,,,reduce(exp7>exp7 MINUS exp8),reduce(exp7>exp7 MINUS exp8),reduce(exp7>exp7 MINUS exp8),reduce(exp7>exp7 MINUS exp8),reduce(exp7>exp7 MINUS exp8),reduce(exp7>exp7 MINUS exp8),reduce(exp7>exp7 MINUS exp8),reduce(exp7>exp7 MINUS exp8),reduce(exp7>exp7 MINUS exp8),reduce(exp7>exp7 MINUS exp8),reduce(exp7>exp7 MINUS exp8),reduce(exp7>exp7 MINUS exp8),reduce(exp7>exp7 MINUS exp8),reduce(exp7>exp7 MINUS exp8),shift(179),shift(180),,,,,,,,,,,,,,,,,,,,,,,,,,,,,,,
259,,,,,,,,,,,,,,reduce(exp8>exp8 MUL_OP exp9),,,,,,reduce(exp8>exp8 MUL_OP exp9),reduce(exp8>exp8 MUL_OP exp9),reduce(exp8>exp8 MUL_OP exp9),reduce(exp8>exp8 MUL_OP exp9),reduce(exp8>exp8 MUL_OP exp9),reduce(exp8>exp8 MUL_OP exp9),reduce(exp8>exp8 MUL_OP exp9),reduce(exp8>exp8 MUL_OP exp9),reduce(exp8>exp8 MUL_OP exp9),reduce(exp8>exp8 MUL_OP exp9),reduce(exp8>exp8 MUL_OP exp9),reduce(exp8>exp8 MUL_OP exp9),reduce(exp8>exp8 MUL_OP exp9),reduce(exp8>exp8 MUL_OP exp9),reduce(exp8>exp8 MUL_OP exp9),reduce(exp8>exp8 MUL_OP exp9),,,,,,,,,,,,,,,,,,,,,,,,,,,,,,,
260,,,,,,,,,,,,,,reduce(exp8>exp8 DIV_OP exp9),,,,,,reduce(exp8>exp8 DIV_OP exp9),reduce(exp8>exp8 DIV_OP exp9),reduce(exp8>exp8 DIV_OP exp9),reduce(exp8>exp8 DIV_OP exp9),reduce(exp8>exp8 DIV_OP exp9),reduce(exp8>exp8 DIV_OP exp9),reduce(exp8>exp8 DIV_OP exp9),reduce(exp8>exp8 DIV_OP exp9),reduce(exp8>exp8 DIV_OP exp9),reduce(exp8>exp8 DIV_OP exp9),reduce(exp8>exp8 DIV_OP exp9),reduce(exp8>exp8 DIV_OP exp9),reduce(exp8>exp8 DIV_OP exp9),reduce(exp8>exp8 DIV_OP exp9),reduce(exp8>exp8 DIV_OP exp9),reduce(exp8>exp8 DIV_OP exp9),,,,,,,,,,,,,,,,,,,,,,,,,,,,,,,
261,,,,,,,,shift(304),,,,,,,,,,,,,,,,,,,,,,,,,,,,,,,,,,,,,,,,,,,,,,,,,,,,,,,,,,
262,,,,,,,,,,,,,,reduce(exp10>LPAR exp RPAR),,,,,,reduce(exp10>LPAR exp RPAR),reduce(exp10>LPAR exp RPAR),reduce(exp10>LPAR exp RPAR),reduce(exp10>LPAR exp RPAR),reduce(exp10>LPAR exp RPAR),reduce(exp10>LPAR exp RPAR),reduce(exp10>LPAR exp RPAR),reduce(exp10>LPAR exp RPAR),reduce(exp10>LPAR exp RPAR),reduce(exp10>LPAR exp RPAR),reduce(exp10>LPAR exp RPAR),reduce(exp10>LPAR exp RPAR),reduce(exp10>LPAR exp RPAR),reduce(exp10>LPAR exp RPAR),reduce(exp10>LPAR exp RPAR),reduce(exp10>LPAR exp RPAR),,,,,,,,,,,,,,,,,,,,,,,,,,,,,,,
263,,,,,,,,,,,,,,shift(305),,,,,,shift(165),,,,,,,,,,,,,,,,,,,,,,,,,,,,,,,,,,,,,,,,,,,,,,
264,,reduce(if_statement>if_stmt ELSE code_block),,reduce(if_statement>if_stmt ELSE code_block),,,,,,reduce(if_statement>if_stmt ELSE code_block),,reduce(if_statement>if_stmt ELSE code_block),,,reduce(if_statement>if_stmt ELSE code_block),reduce(if_statement>if_stmt ELSE code_block),reduce(if_statement>if_stmt ELSE code_block),reduce(if_statement>if_stmt ELSE code_block),reduce(if_statement>if_stmt ELSE code_block),,,,,,,,,,,,,,,,,,,,,,,,,,,,,,,,,,,,,,,,,,,,,,,
265,,reduce(code_block>statement),,reduce(code_block>statement),,,,,,reduce(code_block>statement),,reduce(code_block>statement),,,reduce(code_block>statement),reduce(code_block>statement),reduce(code_block>statement),reduce(code_block>statement),reduce(code_block>statement),,,,,,,,,,,,,,,,,,,,,,,,,,,,,,,,,,,,,,,,,,,,,,,
266,,shift(104),,shift(11),,,,,,,,shift(111),,,shift(110),shift(20),shift(21),shift(22),shift(23),,,,,,,,,,,,,,,,,,,,,306,,,,,,100,101,102,103,105,106,107,108,16,17,109,,,,,,,,,,
267,,,,,,,,,,,,,,shift(307),,,,,,shift(165),,,,,,,,,,,,,,,,,,,,,,,,,,,,,,,,,,,,,,,,,,,,,,
268,,,,,,,,,,,,,,shift(308),,,,,,shift(165),,,,,,,,,,,,,,,,,,,,,,,,,,,,,,,,,,,,,,,,,,,,,,
269,,shift(45),,shift(11),,,,,shift(41),,,shift(52),,,shift(51),shift(20),shift(21),shift(22),shift(23),,,,,,,,,,,,,,,,,,,,,,,,,,309,40,42,43,44,46,47,48,49,16,17,50,,,,,,,,,,
270,,shift(316),,shift(11),,,,,shift(312),,,shift(52),,,shift(322),shift(20),shift(21),shift(22),shift(23),,,,,,,,,,,,,,,,,,,,,,,,,,310,311,313,314,315,317,318,319,320,16,17,321,,,,,,,,,,
271,,reduce(if_stmt>IF LPAR exp RPAR code_block),,reduce(if_stmt>IF LPAR exp RPAR code_block),,,,,,,reduce(if_stmt>IF LPAR exp RPAR code_block),reduce(if_stmt>IF LPAR exp RPAR code_block),,,reduce(if_stmt>IF LPAR exp RPAR code_block),reduce(if_stmt>IF LPAR exp RPAR code_block),reduce(if_stmt>IF LPAR exp RPAR code_block),reduce(if_stmt>IF LPAR exp RPAR code_block),reduce(if_stmt>IF LPAR exp RPAR code_block),,,,,,,,,,,,,,,,,,reduce(if_stmt>IF LPAR exp RPAR code_block),,,,,,,,,,,,,,,,,,,,,,,,,,,,,
272,,reduce(code_block>statement),,reduce(code_block>statement),,,,,,,reduce(code_block>statement),reduce(code_block>statement),,,reduce(code_block>statement),reduce(code_block>statement),reduce(code_block>statement),reduce(code_block>statement),reduce(code_block>statement),,,,,,,,,,,,,,,,,,reduce(code_block>statement),,,,,,,,,,,,,,,,,,,,,,,,,,,,,
273,,shift(104),,shift(11),,,,,,,,shift(111),,,shift(110),shift(20),shift(21),shift(22),shift(23),,,,,,,,,,,,,,,,,,,,,323,,,,,,100,101,102,103,105,106,107,108,16,17,109,,,,,,,,,,
274,,shift(324),,,,,,,,,,,,,,,,,,,,,,,,,,,,,,,,,,,,,,,,,,,,,,,,,,,,,,,,,,,,,,,,
275,,reduce(statement>control_statement),,reduce(statement>control_statement),,,,,,,reduce(statement>control_statement),reduce(statement>control_statement),,,reduce(statement>control_statement),reduce(statement>control_statement),reduce(statement>control_statement),reduce(statement>control_statement),reduce(statement>control_statement),,,,,,,,,,,,,,,,,,reduce(statement>control_statement),,,,,,,,,,,,,,,,,,,,,,,,,,,,,
276,,shift(325),,,,,,,,,,,,,,,,,,,,,,,,,,,,,,,,,,,,,,,,,,,,,,,,,,,,,,,,,,,,,,,,
277,,reduce(statement>SEMI),,reduce(statement>SEMI),,,,,,,reduce(statement>SEMI),reduce(statement>SEMI),,,reduce(statement>SEMI),reduce(statement>SEMI),reduce(statement>SEMI),reduce(statement>SEMI),reduce(statement>SEMI),,,,,,,,,,,,,,,,,,reduce(statement>SEMI),,,,,,,,,,,,,,,,,,,,,,,,,,,,,
278,,reduce(control_statement>if_statement),,reduce(control_statement>if_statement),,,,,,,reduce(control_statement>if_statement),reduce(control_statement>if_statement),,,reduce(control_statement>if_statement),reduce(control_statement>if_statement),reduce(control_statement>if_statement),reduce(control_statement>if_statement),reduce(control_statement>if_statement),,,,,,,,,,,,,,,,,,reduce(control_statement>if_statement),,,,,,,,,,,,,,,,,,,,,,,,,,,,,
279,,reduce(control_statement>while_statement),,reduce(control_statement>while_statement),,,,,,,reduce(control_statement>while_statement),reduce(control_statement>while_statement),,,reduce(control_statement>while_statement),reduce(control_statement>while_statement),reduce(control_statement>while_statement),reduce(control_statement>while_statement),reduce(control_statement>while_statement),,,,,,,,,,,,,,,,,,reduce(control_statement>while_statement),,,,,,,,,,,,,,,,,,,,,,,,,,,,,
280,,shift(326),,,,,,,,,,,,,,,,,,,,,,,,,,,,,,,,,,,,,,,,,,,,,,,,,,,,,,,,,,,,,,,,
281,,shift(327),,,,,,,,,,,,,,,,,,,,,,,,,,,,,,,,,,,,,,,,,,,,,,,,,,,,,,,,,,,,,,,,
282,,reduce(if_statement>if_stmt),,reduce(if_statement>if_stmt),,,,,,,shift(328),reduce(if_statement>if_stmt),,,reduce(if_statement>if_stmt),reduce(if_statement>if_stmt),reduce(if_statement>if_stmt),reduce(if_statement>if_stmt),reduce(if_statement>if_stmt),,,,,,,,,,,,,,,,,,reduce(if_statement>if_stmt),,,,,,,,,,,,,,,,,,,,,,,,,,,,,
283,,,,,,,,,,,,,shift(329),,,,,,,,,,,,,,,,,,,,,,,,,,,,,,,,,,,,,,,,,,,,,,,,,,,,,
284,,reduce(exp>exp OROR exp1),reduce(exp>exp OROR exp1),,,,,,,,,,,,,,,,,reduce(exp>exp OROR exp1),shift(203),,,,,,,,,,,,,,,,,,,,,,,,,,,,,,,,,,,,,,,,,,,,,
285,,reduce(exp1>exp1 ANDAND exp2),reduce(exp1>exp1 ANDAND exp2),,,,,,,,,,,,,,,,,reduce(exp1>exp1 ANDAND exp2),reduce(exp1>exp1 ANDAND exp2),shift(204),,,,,,,,,,,,,,,,,,,,,,,,,,,,,,,,,,,,,,,,,,,,
286,,reduce(exp2>exp2 OR_OP exp3),reduce(exp2>exp2 OR_OP exp3),,,,,,,,,,,,,,,,,reduce(exp2>exp2 OR_OP exp3),reduce(exp2>exp2 OR_OP exp3),reduce(exp2>exp2 OR_OP exp3),shift(205),,,,,,,,,,,,,,,,,,,,,,,,,,,,,,,,,,,,,,,,,,,
287,,reduce(exp3>exp3 AND_OP exp4),reduce(exp3>exp3 AND_OP exp4),,,,,,,,,,,,,,,,,reduce(exp3>exp3 AND_OP exp4),reduce(exp3>exp3 AND_OP exp4),reduce(exp3>exp3 AND_OP exp4),reduce(exp3>exp3 AND_OP exp4),shift(206),shift(207),,,,,,,,,,,,,,,,,,,,,,,,,,,,,,,,,,,,,,,,,
288,,reduce(exp4>exp4 EQ exp5),reduce(exp4>exp4 EQ exp5),,,,,,,,,,,,,,,,,reduce(exp4>exp4 EQ exp5),reduce(exp4>exp4 EQ exp5),reduce(exp4>exp4 EQ exp5),reduce(exp4>exp4 EQ exp5),reduce(exp4>exp4 EQ exp5),reduce(exp4>exp4 EQ exp5),shift(208),shift(209),shift(210),shift(211),,,,,,,,,,,,,,,,,,,,,,,,,,,,,,,,,,,,,
289,,reduce(exp4>exp4 NOTEQ exp5),reduce(exp4>exp4 NOTEQ exp5),,,,,,,,,,,,,,,,,reduce(exp4>exp4 NOTEQ exp5),reduce(exp4>exp4 NOTEQ exp5),reduce(exp4>exp4 NOTEQ exp5),reduce(exp4>exp4 NOTEQ exp5),reduce(exp4>exp4 NOTEQ exp5),reduce(exp4>exp4 NOTEQ exp5),shift(208),shift(209),shift(210),shift(211),,,,,,,,,,,,,,,,,,,,,,,,,,,,,,,,,,,,,
290,,reduce(exp5>exp5 LT exp6),reduce(exp5>exp5 LT exp6),,,,,,,,,,,,,,,,,reduce(exp5>exp5 LT exp6),reduce(exp5>exp5 LT exp6),reduce(exp5>exp5 LT exp6),reduce(exp5>exp5 LT exp6),reduce(exp5>exp5 LT exp6),reduce(exp5>exp5 LT exp6),reduce(exp5>exp5 LT exp6),reduce(exp5>exp5 LT exp6),reduce(exp5>exp5 LT exp6),reduce(exp5>exp5 LT exp6),shift(212),shift(213),,,,,,,,,,,,,,,,,,,,,,,,,,,,,,,,,,,
291,,reduce(exp5>exp5 GT exp6),reduce(exp5>exp5 GT exp6),,,,,,,,,,,,,,,,,reduce(exp5>exp5 GT exp6),reduce(exp5>exp5 GT exp6),reduce(exp5>exp5 GT exp6),reduce(exp5>exp5 GT exp6),reduce(exp5>exp5 GT exp6),reduce(exp5>exp5 GT exp6),reduce(exp5>exp5 GT exp6),reduce(exp5>exp5 GT exp6),reduce(exp5>exp5 GT exp6),reduce(exp5>exp5 GT exp6),shift(212),shift(213),,,,,,,,,,,,,,,,,,,,,,,,,,,,,,,,,,,
292,,reduce(exp5>exp5 LTEQ exp6),reduce(exp5>exp5 LTEQ exp6),,,,,,,,,,,,,,,,,reduce(exp5>exp5 LTEQ exp6),reduce(exp5>exp5 LTEQ exp6),reduce(exp5>exp5 LTEQ exp6),reduce(exp5>exp5 LTEQ exp6),reduce(exp5>exp5 LTEQ exp6),reduce(exp5>exp5 LTEQ exp6),reduce(exp5>exp5 LTEQ exp6),reduce(exp5>exp5 LTEQ exp6),reduce(exp5>exp5 LTEQ exp6),reduce(exp5>exp5 LTEQ exp6),shift(212),shift(213),,,,,,,,,,,,,,,,,,,,,,,,,,,,,,,,,,,
293,,reduce(exp5>exp5 GTEQ exp6),reduce(exp5>exp5 GTEQ exp6),,,,,,,,,,,,,,,,,reduce(exp5>exp5 GTEQ exp6),reduce(exp5>exp5 GTEQ exp6),reduce(exp5>exp5 GTEQ exp6),reduce(exp5>exp5 GTEQ exp6),reduce(exp5>exp5 GTEQ exp6),reduce(exp5>exp5 GTEQ exp6),reduce(exp5>exp5 GTEQ exp6),reduce(exp5>exp5 GTEQ exp6),reduce(exp5>exp5 GTEQ exp6),reduce(exp5>exp5 GTEQ exp6),shift(212),shift(213),,,,,,,,,,,,,,,,,,,,,,,,,,,,,,,,,,,
294,,reduce(exp6>exp6 SHL_OP exp7),reduce(exp6>exp6 SHL_OP exp7),,,,,,,,,,,,,,,,,reduce(exp6>exp6 SHL_OP exp7),reduce(exp6>exp6 SHL_OP exp7),reduce(exp6>exp6 SHL_OP exp7),reduce(exp6>exp6 SHL_OP exp7),reduce(exp6>exp6 SHL_OP exp7),reduce(exp6>exp6 SHL_OP exp7),reduce(exp6>exp6 SHL_OP exp7),reduce(exp6>exp6 SHL_OP exp7),reduce(exp6>exp6 SHL_OP exp7),reduce(exp6>exp6 SHL_OP exp7),reduce(exp6>exp6 SHL_OP exp7),reduce(exp6>exp6 SHL_OP exp7),shift(214),shift(215),,,,,,,,,,,,,,,,,,,,,,,,,,,,,,,,,
295,,reduce(exp6>exp6 SHR_OP exp7),reduce(exp6>exp6 SHR_OP exp7),,,,,,,,,,,,,,,,,reduce(exp6>exp6 SHR_OP exp7),reduce(exp6>exp6 SHR_OP exp7),reduce(exp6>exp6 SHR_OP exp7),reduce(exp6>exp6 SHR_OP exp7),reduce(exp6>exp6 SHR_OP exp7),reduce(exp6>exp6 SHR_OP exp7),reduce(exp6>exp6 SHR_OP exp7),reduce(exp6>exp6 SHR_OP exp7),reduce(exp6>exp6 SHR_OP exp7),reduce(exp6>exp6 SHR_OP exp7),reduce(exp6>exp6 SHR_OP exp7),reduce(exp6>exp6 SHR_OP exp7),shift(214),shift(215),,,,,,,,,,,,,,,,,,,,,,,,,,,,,,,,,
296,,reduce(exp7>exp7 PLUS exp8),reduce(exp7>exp7 PLUS exp8),,,,,,,,,,,,,,,,,reduce(exp7>exp7 PLUS exp8),reduce(exp7>exp7 PLUS exp8),reduce(exp7>exp7 PLUS exp8),reduce(exp7>exp7 PLUS exp8),reduce(exp7>exp7 PLUS exp8),reduce(exp7>exp7 PLUS exp8),reduce(exp7>exp7 PLUS exp8),reduce(exp7>exp7 PLUS exp8),reduce(exp7>exp7 PLUS exp8),reduce(exp7>exp7 PLUS exp8),reduce(exp7>exp7 PLUS exp8),reduce(exp7>exp7 PLUS exp8),reduce(exp7>exp7 PLUS exp8),reduce(exp7>exp7 PLUS exp8),shift(216),shift(217),,,,,,,,,,,,,,,,,,,,,,,,,,,,,,,
297,,reduce(exp7>exp7 MINUS exp8),reduce(exp7>exp7 MINUS exp8),,,,,,,,,,,,,,,,,reduce(exp7>exp7 MINUS exp8),reduce(exp7>exp7 MINUS exp8),reduce(exp7>exp7 MINUS exp8),reduce(exp7>exp7 MINUS exp8),reduce(exp7>exp7 MINUS exp8),reduce(exp7>exp7 MINUS exp8),reduce(exp7>exp7 MINUS exp8),reduce(exp7>exp7 MINUS exp8),reduce(exp7>exp7 MINUS exp8),reduce(exp7>exp7 MINUS exp8),reduce(exp7>exp7 MINUS exp8),reduce(exp7>exp7 MINUS exp8),reduce(exp7>exp7 MINUS exp8),reduce(exp7>exp7 MINUS exp8),shift(216),shift(217),,,,,,,,,,,,,,,,,,,,,,,,,,,,,,,
298,,reduce(exp8>exp8 MUL_OP exp9),reduce(exp8>exp8 MUL_OP exp9),,,,,,,,,,,,,,,,,reduce(exp8>exp8 MUL_OP exp9),reduce(exp8>exp8 MUL_OP exp9),reduce(exp8>exp8 MUL_OP exp9),reduce(exp8>exp8 MUL_OP exp9),reduce(exp8>exp8 MUL_OP exp9),reduce(exp8>exp8 MUL_OP exp9),reduce(exp8>exp8 MUL_OP exp9),reduce(exp8>exp8 MUL_OP exp9),reduce(exp8>exp8 MUL_OP exp9),reduce(exp8>exp8 MUL_OP exp9),reduce(exp8>exp8 MUL_OP exp9),reduce(exp8>exp8 MUL_OP exp9),reduce(exp8>exp8 MUL_OP exp9),reduce(exp8>exp8 MUL_OP exp9),reduce(exp8>exp8 MUL_OP exp9),reduce(exp8>exp8 MUL_OP exp9),,,,,,,,,,,,,,,,,,,,,,,,,,,,,,,
299,,reduce(exp8>exp8 DIV_OP exp9),reduce(exp8>exp8 DIV_OP exp9),,,,,,,,,,,,,,,,,reduce(exp8>exp8 DIV_OP exp9),reduce(exp8>exp8 DIV_OP exp9),reduce(exp8>exp8 DIV_OP exp9),reduce(exp8>exp8 DIV_OP exp9),reduce(exp8>exp8 DIV_OP exp9),reduce(exp8>exp8 DIV_OP exp9),reduce(exp8>exp8 DIV_OP exp9),reduce(exp8>exp8 DIV_OP exp9),reduce(exp8>exp8 DIV_OP exp9),reduce(exp8>exp8 DIV_OP exp9),reduce(exp8>exp8 DIV_OP exp9),reduce(exp8>exp8 DIV_OP exp9),reduce(exp8>exp8 DIV_OP exp9),reduce(exp8>exp8 DIV_OP exp9),reduce(exp8>exp8 DIV_OP exp9),reduce(exp8>exp8 DIV_OP exp9),,,,,,,,,,,,,,,,,,,,,,,,,,,,,,,
300,,,,,,,,shift(330),,,,,,,,,,,,,,,,,,,,,,,,,,,,,,,,,,,,,,,,,,,,,,,,,,,,,,,,,,
301,,reduce(exp10>LPAR exp RPAR),reduce(exp10>LPAR exp RPAR),,,,,,,,,,,,,,,,,reduce(exp10>LPAR exp RPAR),reduce(exp10>LPAR exp RPAR),reduce(exp10>LPAR exp RPAR),reduce(exp10>LPAR exp RPAR),reduce(exp10>LPAR exp RPAR),reduce(exp10>LPAR exp RPAR),reduce(exp10>LPAR exp RPAR),reduce(exp10>LPAR exp RPAR),reduce(exp10>LPAR exp RPAR),reduce(exp10>LPAR exp RPAR),reduce(exp10>LPAR exp RPAR),reduce(exp10>LPAR exp RPAR),reduce(exp10>LPAR exp RPAR),reduce(exp10>LPAR exp RPAR),reduce(exp10>LPAR exp RPAR),reduce(exp10>LPAR exp RPAR),,,,,,,,,,,,,,,,,,,,,,,,,,,,,,,
302,,reduce(assign_statement>ID LSQUARE INT_NUM RSQUARE ASSIGN exp),,,,,,,,,,,,,,,,,,shift(142),,,,,,,,,,,,,,,,,,,,,,,,,,,,,,,,,,,,,,,,,,,,,,
303,,reduce(exp10>ID LSQUARE INT_NUM RSQUARE),,,,,,,,,,,,,,,,,,reduce(exp10>ID LSQUARE INT_NUM RSQUARE),reduce(exp10>ID LSQUARE INT_NUM RSQUARE),reduce(exp10>ID LSQUARE INT_NUM RSQUARE),reduce(exp10>ID LSQUARE INT_NUM RSQUARE),reduce(exp10>ID LSQUARE INT_NUM RSQUARE),reduce(exp10>ID LSQUARE INT_NUM RSQUARE),reduce(exp10>ID LSQUARE INT_NUM RSQUARE),reduce(exp10>ID LSQUARE INT_NUM RSQUARE),reduce(exp10>ID LSQUARE INT_NUM RSQUARE),reduce(exp10>ID LSQUARE INT_NUM RSQUARE),reduce(exp10>ID LSQUARE INT_NUM RSQUARE),reduce(exp10>ID LSQUARE INT_NUM RSQUARE),reduce(exp10>ID LSQUARE INT_NUM RSQUARE),reduce(exp10>ID LSQUARE INT_NUM RSQUARE),reduce(exp10>ID LSQUARE INT_NUM RSQUARE),reduce(exp10>ID LSQUARE INT_NUM RSQUARE),,,,,,,,,,,,,,,,,,,,,,,,,,,,,,,
304,,,,,,,,,,,,,,reduce(exp10>ID LSQUARE INT_NUM RSQUARE),,,,,,reduce(exp10>ID LSQUARE INT_NUM RSQUARE),reduce(exp10>ID LSQUARE INT_NUM RSQUARE),reduce(exp10>ID LSQUARE INT_NUM RSQUARE),reduce(exp10>ID LSQUARE INT_NUM RSQUARE),reduce(exp10>ID LSQUARE INT_NUM RSQUARE),reduce(exp10>ID LSQUARE INT_NUM RSQUARE),reduce(exp10>ID LSQUARE INT_NUM RSQUARE),reduce(exp10>ID LSQUARE INT_NUM RSQUARE),reduce(exp10>ID LSQUARE INT_NUM RSQUARE),reduce(exp10>ID LSQUARE INT_NUM RSQUARE),reduce(exp10>ID LSQUARE INT_NUM RSQUARE),reduce(exp10>ID LSQUARE INT_NUM RSQUARE),reduce(exp10>ID LSQUARE INT_NUM RSQUARE),reduce(exp10>ID LSQUARE INT_NUM RSQUARE),reduce(exp10>ID LSQUARE INT_NUM RSQUARE),reduce(exp10>ID LSQUARE INT_NUM RSQUARE),,,,,,,,,,,,,,,,,,,,,,,,,,,,,,,
305,,reduce(do_while_statement>DO code_block WHILE LPAR exp RPAR),,,,,,,,,,,,,,,,,,,,,,,,,,,,,,,,,,,,,,,,,,,,,,,,,,,,,,,,,,,,,,,,
306,,shift(104),,shift(11),,,,,,shift(331),,shift(111),,,shift(110),shift(20),shift(21),shift(22),shift(23),,,,,,,,,,,,,,,,,,,,,,,,,,,188,101,102,103,105,106,107,108,16,17,109,,,,,,,,,,
307,,shift(104),,shift(11),,,,,shift(266),,,shift(111),,,shift(110),shift(20),shift(21),shift(22),shift(23),,,,,,,,,,,,,,,,,,,,,,,,,,332,265,101,102,103,105,106,107,108,16,17,109,,,,,,,,,,
308,,shift(339),,shift(11),,,,,shift(335),,,shift(111),,,shift(345),shift(20),shift(21),shift(22),shift(23),,,,,,,,,,,,,,,,,,,,,,,,,,333,334,336,337,338,340,341,342,343,16,17,344,,,,,,,,,,
309,,,,,,,,,,,,,,,reduce(while_statement>WHILE LPAR exp RPAR code_block),,,,,,,,,,,,,,,,,,,,,,,,,,,,,,,,,,,,,,,,,,,,,,,,,,,
310,,,,,,,,,,,reduce(if_stmt>IF LPAR exp RPAR code_block),,,,reduce(if_stmt>IF LPAR exp RPAR code_block),,,,,,,,,,,,,,,,,,,,,,,,,,,,,,,,,,,,,,,,,,,,,,,,,,,
311,,,,,,,,,,,reduce(code_block>statement),,,,reduce(code_block>statement),,,,,,,,,,,,,,,,,,,,,,,,,,,,,,,,,,,,,,,,,,,,,,,,,,,
312,,shift(104),,shift(11),,,,,,,,shift(111),,,shift(110),shift(20),shift(21),shift(22),shift(23),,,,,,,,,,,,,,,,,,,,,346,,,,,,100,101,102,103,105,106,107,108,16,17,109,,,,,,,,,,
313,,shift(347),,,,,,,,,,,,,,,,,,,,,,,,,,,,,,,,,,,,,,,,,,,,,,,,,,,,,,,,,,,,,,,,
314,,,,,,,,,,,reduce(statement>control_statement),,,,reduce(statement>control_statement),,,,,,,,,,,,,,,,,,,,,,,,,,,,,,,,,,,,,,,,,,,,,,,,,,,
315,,shift(348),,,,,,,,,,,,,,,,,,,,,,,,,,,,,,,,,,,,,,,,,,,,,,,,,,,,,,,,,,,,,,,,
316,,,,,,,,,,,reduce(statement>SEMI),,,,reduce(statement>SEMI),,,,,,,,,,,,,,,,,,,,,,,,,,,,,,,,,,,,,,,,,,,,,,,,,,,
317,,,,,,,,,,,reduce(control_statement>if_statement),,,,reduce(control_statement>if_statement),,,,,,,,,,,,,,,,,,,,,,,,,,,,,,,,,,,,,,,,,,,,,,,,,,,
318,,,,,,,,,,,reduce(control_statement>while_statement),,,,reduce(control_statement>while_statement),,,,,,,,,,,,,,,,,,,,,,,,,,,,,,,,,,,,,,,,,,,,,,,,,,,
319,,shift(349),,,,,,,,,,,,,,,,,,,,,,,,,,,,,,,,,,,,,,,,,,,,,,,,,,,,,,,,,,,,,,,,
320,,shift(350),,,,,,,,,,,,,,,,,,,,,,,,,,,,,,,,,,,,,,,,,,,,,,,,,,,,,,,,,,,,,,,,
321,,,,,,,,,,,shift(351),,,,reduce(if_statement>if_stmt),,,,,,,,,,,,,,,,,,,,,,,,,,,,,,,,,,,,,,,,,,,,,,,,,,,
322,,,,,,,,,,,,,shift(352),,,,,,,,,,,,,,,,,,,,,,,,,,,,,,,,,,,,,,,,,,,,,,,,,,,,,
323,,shift(104),,shift(11),,,,,,shift(353),,shift(111),,,shift(110),shift(20),shift(21),shift(22),shift(23),,,,,,,,,,,,,,,,,,,,,,,,,,,188,101,102,103,105,106,107,108,16,17,109,,,,,,,,,,
324,,reduce(statement>assign_statement SEMI),,reduce(statement>assign_statement SEMI),,,,,,,reduce(statement>assign_statement SEMI),reduce(statement>assign_statement SEMI),,,reduce(statement>assign_statement SEMI),reduce(statement>assign_statement SEMI),reduce(statement>assign_statement SEMI),reduce(statement>assign_statement SEMI),reduce(statement>assign_statement SEMI),,,,,,,,,,,,,,,,,,reduce(statement>assign_statement SEMI),,,,,,,,,,,,,,,,,,,,,,,,,,,,,
325,,reduce(statement>read_write_statement SEMI),,reduce(statement>read_write_statement SEMI),,,,,,,reduce(statement>read_write_statement SEMI),reduce(statement>read_write_statement SEMI),,,reduce(statement>read_write_statement SEMI),reduce(statement>read_write_statement SEMI),reduce(statement>read_write_statement SEMI),reduce(statement>read_write_statement SEMI),reduce(statement>read_write_statement SEMI),,,,,,,,,,,,,,,,,,reduce(statement>read_write_statement SEMI),,,,,,,,,,,,,,,,,,,,,,,,,,,,,
326,,reduce(control_statement>do_while_statement SEMI),,reduce(control_statement>do_while_statement SEMI),,,,,,,reduce(control_statement>do_while_statement SEMI),reduce(control_statement>do_while_statement SEMI),,,reduce(control_statement>do_while_statement SEMI),reduce(control_statement>do_while_statement SEMI),reduce(control_statement>do_while_statement SEMI),reduce(control_statement>do_while_statement SEMI),reduce(control_statement>do_while_statement SEMI),,,,,,,,,,,,,,,,,,reduce(control_statement>do_while_statement SEMI),,,,,,,,,,,,,,,,,,,,,,,,,,,,,
327,,reduce(control_statement>return_statement SEMI),,reduce(control_statement>return_statement SEMI),,,,,,,reduce(control_statement>return_statement SEMI),reduce(control_statement>return_statement SEMI),,,reduce(control_statement>return_statement SEMI),reduce(control_statement>return_statement SEMI),reduce(control_statement>return_statement SEMI),reduce(control_statement>return_statement SEMI),reduce(control_statement>return_statement SEMI),,,,,,,,,,,,,,,,,,reduce(control_statement>return_statement SEMI),,,,,,,,,,,,,,,,,,,,,,,,,,,,,
328,,shift(277),,shift(11),,,,,shift(273),,,shift(24),,,shift(283),shift(20),shift(21),shift(22),shift(23),,,,,,,,,,,,,,,,,,,,,,,,,,354,272,274,275,276,278,279,280,281,16,17,282,,,,,,,,,,
329,,,,shift(96),,,shift(95),,,,,,shift(97),,,,,,,,,,,,,,,,,,,shift(92),shift(91),,,shift(93),,,,,,,,355,,,,,,,,,,,,,82,83,84,85,86,87,88,89,90,94
330,,reduce(exp10>ID LSQUARE INT_NUM RSQUARE),reduce(exp10>ID LSQUARE INT_NUM RSQUARE),,,,,,,,,,,,,,,,,reduce(exp10>ID LSQUARE INT_NUM RSQUARE),reduce(exp10>ID LSQUARE INT_NUM RSQUARE),reduce(exp10>ID LSQUARE INT_NUM RSQUARE),reduce(exp10>ID LSQUARE INT_NUM RSQUARE),reduce(exp10>ID LSQUARE INT_NUM RSQUARE),reduce(exp10>ID LSQUARE INT_NUM RSQUARE),reduce(exp10>ID LSQUARE INT_NUM RSQUARE),reduce(exp10>ID LSQUARE INT_NUM RSQUARE),reduce(exp10>ID LSQUARE INT_NUM RSQUARE),reduce(exp10>ID LSQUARE INT_NUM RSQUARE),reduce(exp10>ID LSQUARE INT_NUM RSQUARE),reduce(exp10>ID LSQUARE INT_NUM RSQUARE),reduce(exp10>ID LSQUARE INT_NUM RSQUARE),reduce(exp10>ID LSQUARE INT_NUM RSQUARE),reduce(exp10>ID LSQUARE INT_NUM RSQUARE),reduce(exp10>ID LSQUARE INT_NUM RSQUARE),,,,,,,,,,,,,,,,,,,,,,,,,,,,,,,
331,,reduce(code_block>LBRACE statements RBRACE),,reduce(code_block>LBRACE statements RBRACE),,,,,,reduce(code_block>LBRACE statements RBRACE),,reduce(code_block>LBRACE statements RBRACE),,,reduce(code_block>LBRACE statements RBRACE),reduce(code_block>LBRACE statements RBRACE),reduce(code_block>LBRACE statements RBRACE),reduce(code_block>LBRACE statements RBRACE),reduce(code_block>LBRACE statements RBRACE),,,,,,,,,,,,,,,,,,,,,,,,,,,,,,,,,,,,,,,,,,,,,,,
332,,reduce(while_statement>WHILE LPAR exp RPAR code_block),,reduce(while_statement>WHILE LPAR exp RPAR code_block),,,,,,reduce(while_statement>WHILE LPAR exp RPAR code_block),,reduce(while_statement>WHILE LPAR exp RPAR code_block),,,reduce(while_statement>WHILE LPAR exp RPAR code_block),reduce(while_statement>WHILE LPAR exp RPAR code_block),reduce(while_statement>WHILE LPAR exp RPAR code_block),reduce(while_statement>WHILE LPAR exp RPAR code_block),reduce(while_statement>WHILE LPAR exp RPAR code_block),,,,,,,,,,,,,,,,,,,,,,,,,,,,,,,,,,,,,,,,,,,,,,,
333,,reduce(if_stmt>IF LPAR exp RPAR code_block),,reduce(if_stmt>IF LPAR exp RPAR code_block),,,,,,reduce(if_stmt>IF LPAR exp RPAR code_block),reduce(if_stmt>IF LPAR exp RPAR code_block),reduce(if_stmt>IF LPAR exp RPAR code_block),,,reduce(if_stmt>IF LPAR exp RPAR code_block),reduce(if_stmt>IF LPAR exp RPAR code_block),reduce(if_stmt>IF LPAR exp RPAR code_block),reduce(if_stmt>IF LPAR exp RPAR code_block),reduce(if_stmt>IF LPAR exp RPAR code_block),,,,,,,,,,,,,,,,,,,,,,,,,,,,,,,,,,,,,,,,,,,,,,,
334,,reduce(code_block>statement),,reduce(code_block>statement),,,,,,reduce(code_block>statement),reduce(code_block>statement),reduce(code_block>statement),,,reduce(code_block>statement),reduce(code_block>statement),reduce(code_block>statement),reduce(code_block>statement),reduce(code_block>statement),,,,,,,,,,,,,,,,,,,,,,,,,,,,,,,,,,,,,,,,,,,,,,,
335,,shift(104),,shift(11),,,,,,,,shift(111),,,shift(110),shift(20),shift(21),shift(22),shift(23),,,,,,,,,,,,,,,,,,,,,356,,,,,,100,101,102,103,105,106,107,108,16,17,109,,,,,,,,,,
336,,shift(357),,,,,,,,,,,,,,,,,,,,,,,,,,,,,,,,,,,,,,,,,,,,,,,,,,,,,,,,,,,,,,,,
337,,reduce(statement>control_statement),,reduce(statement>control_statement),,,,,,reduce(statement>control_statement),reduce(statement>control_statement),reduce(statement>control_statement),,,reduce(statement>control_statement),reduce(statement>control_statement),reduce(statement>control_statement),reduce(statement>control_statement),reduce(statement>control_statement),,,,,,,,,,,,,,,,,,,,,,,,,,,,,,,,,,,,,,,,,,,,,,,
338,,shift(358),,,,,,,,,,,,,,,,,,,,,,,,,,,,,,,,,,,,,,,,,,,,,,,,,,,,,,,,,,,,,,,,
339,,reduce(statement>SEMI),,reduce(statement>SEMI),,,,,,reduce(statement>SEMI),reduce(statement>SEMI),reduce(statement>SEMI),,,reduce(statement>SEMI),reduce(statement>SEMI),reduce(statement>SEMI),reduce(statement>SEMI),reduce(statement>SEMI),,,,,,,,,,,,,,,,,,,,,,,,,,,,,,,,,,,,,,,,,,,,,,,
340,,reduce(control_statement>if_statement),,reduce(control_statement>if_statement),,,,,,reduce(control_statement>if_statement),reduce(control_statement>if_statement),reduce(control_statement>if_statement),,,reduce(control_statement>if_statement),reduce(control_statement>if_statement),reduce(control_statement>if_statement),reduce(control_statement>if_statement),reduce(control_statement>if_statement),,,,,,,,,,,,,,,,,,,,,,,,,,,,,,,,,,,,,,,,,,,,,,,
341,,reduce(control_statement>while_statement),,reduce(control_statement>while_statement),,,,,,reduce(control_statement>while_statement),reduce(control_statement>while_statement),reduce(control_statement>while_statement),,,reduce(control_statement>while_statement),reduce(control_statement>while_statement),reduce(control_statement>while_statement),reduce(control_statement>while_statement),reduce(control_statement>while_statement),,,,,,,,,,,,,,,,,,,,,,,,,,,,,,,,,,,,,,,,,,,,,,,
342,,shift(359),,,,,,,,,,,,,,,,,,,,,,,,,,,,,,,,,,,,,,,,,,,,,,,,,,,,,,,,,,,,,,,,
343,,shift(360),,,,,,,,,,,,,,,,,,,,,,,,,,,,,,,,,,,,,,,,,,,,,,,,,,,,,,,,,,,,,,,,
344,,reduce(if_statement>if_stmt),,reduce(if_statement>if_stmt),,,,,,reduce(if_statement>if_stmt),shift(361),reduce(if_statement>if_stmt),,,reduce(if_statement>if_stmt),reduce(if_statement>if_stmt),reduce(if_statement>if_stmt),reduce(if_statement>if_stmt),reduce(if_statement>if_stmt),,,,,,,,,,,,,,,,,,,,,,,,,,,,,,,,,,,,,,,,,,,,,,,
345,,,,,,,,,,,,,shift(362),,,,,,,,,,,,,,,,,,,,,,,,,,,,,,,,,,,,,,,,,,,,,,,,,,,,,
346,,shift(104),,shift(11),,,,,,shift(363),,shift(111),,,shift(110),shift(20),shift(21),shift(22),shift(23),,,,,,,,,,,,,,,,,,,,,,,,,,,188,101,102,103,105,106,107,108,16,17,109,,,,,,,,,,
347,,,,,,,,,,,reduce(statement>assign_statement SEMI),,,,reduce(statement>assign_statement SEMI),,,,,,,,,,,,,,,,,,,,,,,,,,,,,,,,,,,,,,,,,,,,,,,,,,,
348,,,,,,,,,,,reduce(statement>read_write_statement SEMI),,,,reduce(statement>read_write_statement SEMI),,,,,,,,,,,,,,,,,,,,,,,,,,,,,,,,,,,,,,,,,,,,,,,,,,,
349,,,,,,,,,,,reduce(control_statement>do_while_statement SEMI),,,,reduce(control_statement>do_while_statement SEMI),,,,,,,,,,,,,,,,,,,,,,,,,,,,,,,,,,,,,,,,,,,,,,,,,,,
350,,,,,,,,,,,reduce(control_statement>return_statement SEMI),,,,reduce(control_statement>return_statement SEMI),,,,,,,,,,,,,,,,,,,,,,,,,,,,,,,,,,,,,,,,,,,,,,,,,,,
351,,shift(316),,shift(11),,,,,shift(312),,,shift(52),,,shift(322),shift(20),shift(21),shift(22),shift(23),,,,,,,,,,,,,,,,,,,,,,,,,,364,311,313,314,315,317,318,319,320,16,17,321,,,,,,,,,,
352,,,,shift(96),,,shift(95),,,,,,shift(97),,,,,,,,,,,,,,,,,,,shift(92),shift(91),,,shift(93),,,,,,,,365,,,,,,,,,,,,,82,83,84,85,86,87,88,89,90,94
353,,reduce(code_block>LBRACE statements RBRACE),,reduce(code_block>LBRACE statements RBRACE),,,,,,,reduce(code_block>LBRACE statements RBRACE),reduce(code_block>LBRACE statements RBRACE),,,reduce(code_block>LBRACE statements RBRACE),reduce(code_block>LBRACE statements RBRACE),reduce(code_block>LBRACE statements RBRACE),reduce(code_block>LBRACE statements RBRACE),reduce(code_block>LBRACE statements RBRACE),,,,,,,,,,,,,,,,,,reduce(code_block>LBRACE statements RBRACE),,,,,,,,,,,,,,,,,,,,,,,,,,,,,
354,,reduce(if_statement>if_stmt ELSE code_block),,reduce(if_statement>if_stmt ELSE code_block),,,,,,,reduce(if_statement>if_stmt ELSE code_block),reduce(if_statement>if_stmt ELSE code_block),,,reduce(if_statement>if_stmt ELSE code_block),reduce(if_statement>if_stmt ELSE code_block),reduce(if_statement>if_stmt ELSE code_block),reduce(if_statement>if_stmt ELSE code_block),reduce(if_statement>if_stmt ELSE code_block),,,,,,,,,,,,,,,,,,reduce(if_statement>if_stmt ELSE code_block),,,,,,,,,,,,,,,,,,,,,,,,,,,,,
355,,,,,,,,,,,,,,shift(366),,,,,,shift(165),,,,,,,,,,,,,,,,,,,,,,,,,,,,,,,,,,,,,,,,,,,,,,
356,,shift(104),,shift(11),,,,,,shift(367),,shift(111),,,shift(110),shift(20),shift(21),shift(22),shift(23),,,,,,,,,,,,,,,,,,,,,,,,,,,188,101,102,103,105,106,107,108,16,17,109,,,,,,,,,,
357,,reduce(statement>assign_statement SEMI),,reduce(statement>assign_statement SEMI),,,,,,reduce(statement>assign_statement SEMI),reduce(statement>assign_statement SEMI),reduce(statement>assign_statement SEMI),,,reduce(statement>assign_statement SEMI),reduce(statement>assign_statement SEMI),reduce(statement>assign_statement SEMI),reduce(statement>assign_statement SEMI),reduce(statement>assign_statement SEMI),,,,,,,,,,,,,,,,,,,,,,,,,,,,,,,,,,,,,,,,,,,,,,,
358,,reduce(statement>read_write_statement SEMI),,reduce(statement>read_write_statement SEMI),,,,,,reduce(statement>read_write_statement SEMI),reduce(statement>read_write_statement SEMI),reduce(statement>read_write_statement SEMI),,,reduce(statement>read_write_statement SEMI),reduce(statement>read_write_statement SEMI),reduce(statement>read_write_statement SEMI),reduce(statement>read_write_statement SEMI),reduce(statement>read_write_statement SEMI),,,,,,,,,,,,,,,,,,,,,,,,,,,,,,,,,,,,,,,,,,,,,,,
359,,reduce(control_statement>do_while_statement SEMI),,reduce(control_statement>do_while_statement SEMI),,,,,,reduce(control_statement>do_while_statement SEMI),reduce(control_statement>do_while_statement SEMI),reduce(control_statement>do_while_statement SEMI),,,reduce(control_statement>do_while_statement SEMI),reduce(control_statement>do_while_statement SEMI),reduce(control_statement>do_while_statement SEMI),reduce(control_statement>do_while_statement SEMI),reduce(control_statement>do_while_statement SEMI),,,,,,,,,,,,,,,,,,,,,,,,,,,,,,,,,,,,,,,,,,,,,,,
360,,reduce(control_statement>return_statement SEMI),,reduce(control_statement>return_statement SEMI),,,,,,reduce(control_statement>return_statement SEMI),reduce(control_statement>return_statement SEMI),reduce(control_statement>return_statement SEMI),,,reduce(control_statement>return_statement SEMI),reduce(control_statement>return_statement SEMI),reduce(control_statement>return_statement SEMI),reduce(control_statement>return_statement SEMI),reduce(control_statement>return_statement SEMI),,,,,,,,,,,,,,,,,,,,,,,,,,,,,,,,,,,,,,,,,,,,,,,
361,,shift(339),,shift(11),,,,,shift(335),,,shift(111),,,shift(345),shift(20),shift(21),shift(22),shift(23),,,,,,,,,,,,,,,,,,,,,,,,,,368,334,336,337,338,340,341,342,343,16,17,344,,,,,,,,,,
362,,,,shift(96),,,shift(95),,,,,,shift(97),,,,,,,,,,,,,,,,,,,shift(92),shift(91),,,shift(93),,,,,,,,369,,,,,,,,,,,,,82,83,84,85,86,87,88,89,90,94
363,,,,,,,,,,,reduce(code_block>LBRACE statements RBRACE),,,,reduce(code_block>LBRACE statements RBRACE),,,,,,,,,,,,,,,,,,,,,,,,,,,,,,,,,,,,,,,,,,,,,,,,,,,
364,,,,,,,,,,,reduce(if_statement>if_stmt ELSE code_block),,,,reduce(if_statement>if_stmt ELSE code_block),,,,,,,,,,,,,,,,,,,,,,,,,,,,,,,,,,,,,,,,,,,,,,,,,,,
365,,,,,,,,,,,,,,shift(370),,,,,,shift(165),,,,,,,,,,,,,,,,,,,,,,,,,,,,,,,,,,,,,,,,,,,,,,
366,,shift(277),,shift(11),,,,,shift(273),,,shift(24),,,shift(283),shift(20),shift(21),shift(22),shift(23),,,,,,,,,,,,,,,,,,,,,,,,,,371,272,274,275,276,278,279,280,281,16,17,282,,,,,,,,,,
367,,reduce(code_block>LBRACE statements RBRACE),,reduce(code_block>LBRACE statements RBRACE),,,,,,reduce(code_block>LBRACE statements RBRACE),reduce(code_block>LBRACE statements RBRACE),reduce(code_block>LBRACE statements RBRACE),,,reduce(code_block>LBRACE statements RBRACE),reduce(code_block>LBRACE statements RBRACE),reduce(code_block>LBRACE statements RBRACE),reduce(code_block>LBRACE statements RBRACE),reduce(code_block>LBRACE statements RBRACE),,,,,,,,,,,,,,,,,,,,,,,,,,,,,,,,,,,,,,,,,,,,,,,
368,,reduce(if_statement>if_stmt ELSE code_block),,reduce(if_statement>if_stmt ELSE code_block),,,,,,reduce(if_statement>if_stmt ELSE code_block),reduce(if_statement>if_stmt ELSE code_block),reduce(if_statement>if_stmt ELSE code_block),,,reduce(if_statement>if_stmt ELSE code_block),reduce(if_statement>if_stmt ELSE code_block),reduce(if_statement>if_stmt ELSE code_block),reduce(if_statement>if_stmt ELSE code_block),reduce(if_statement>if_stmt ELSE code_block),,,,,,,,,,,,,,,,,,,,,,,,,,,,,,,,,,,,,,,,,,,,,,,
369,,,,,,,,,,,,,,shift(372),,,,,,shift(165),,,,,,,,,,,,,,,,,,,,,,,,,,,,,,,,,,,,,,,,,,,,,,
370,,shift(316),,shift(11),,,,,shift(312),,,shift(52),,,shift(322),shift(20),shift(21),shift(22),shift(23),,,,,,,,,,,,,,,,,,,,,,,,,,373,311,313,314,315,317,318,319,320,16,17,321,,,,,,,,,,
371,,reduce(while_statement>WHILE LPAR exp RPAR code_block),,reduce(while_statement>WHILE LPAR exp RPAR code_block),,,,,,,reduce(while_statement>WHILE LPAR exp RPAR code_block),reduce(while_statement>WHILE LPAR exp RPAR code_block),,,reduce(while_statement>WHILE LPAR exp RPAR code_block),reduce(while_statement>WHILE LPAR exp RPAR code_block),reduce(while_statement>WHILE LPAR exp RPAR code_block),reduce(while_statement>WHILE LPAR exp RPAR code_block),reduce(while_statement>WHILE LPAR exp RPAR code_block),,,,,,,,,,,,,,,,,,reduce(while_statement>WHILE LPAR exp RPAR code_block),,,,,,,,,,,,,,,,,,,,,,,,,,,,,
372,,shift(339),,shift(11),,,,,shift(335),,,shift(111),,,shift(345),shift(20),shift(21),shift(22),shift(23),,,,,,,,,,,,,,,,,,,,,,,,,,374,334,336,337,338,340,341,342,343,16,17,344,,,,,,,,,,
373,,,,,,,,,,,reduce(while_statement>WHILE LPAR exp RPAR code_block),,,,reduce(while_statement>WHILE LPAR exp RPAR code_block),,,,,,,,,,,,,,,,,,,,,,,,,,,,,,,,,,,,,,,,,,,,,,,,,,,
374,,reduce(while_statement>WHILE LPAR exp RPAR code_block),,reduce(while_statement>WHILE LPAR exp RPAR code_block),,,,,,reduce(while_statement>WHILE LPAR exp RPAR code_block),reduce(while_statement>WHILE LPAR exp RPAR code_block),reduce(while_statement>WHILE LPAR exp RPAR code_block),,,reduce(while_statement>WHILE LPAR exp RPAR code_block),reduce(while_statement>WHILE LPAR exp RPAR code_block),reduce(while_statement>WHILE LPAR exp RPAR code_block),reduce(while_statement>WHILE LPAR exp RPAR code_block),reduce(while_statement>WHILE LPAR exp RPAR code_block),,,,,,,,,,,,,,,,,,,,,,,,,,,,,,,,,,,,,,,,,,,,,,,
